AO2-261-047088-40,10/29/2015,10/29/2016
AO2-261-047134-40,10/29/2015,10/29/2016
AO2-261-047177-40,10/29/2015,10/29/2016
AO2-261-047219-40,10/29/2015,10/29/2016
AO2-261-047257-40,10/29/2015,10/29/2016
AO2-261-047301-40,10/29/2015,10/29/2016
AO2-261-047344-40,10/29/2015,10/29/2016
AO2-261-047390-40,10/29/2015,10/29/2016
AO2-261-047433-40,10/29/2015,10/29/2016
AO2-261-047478-40,10/29/2015,10/29/2016
AO2-261-047518-40,10/29/2015,10/29/2016
AO2-261-047558-40,10/29/2015,10/29/2016
AO2-261-047599-40,10/29/2015,10/29/2016
AO2-261-046824-40,10/29/2015,10/29/2016
AO2-261-046865-40,10/29/2015,10/29/2016
AO2-261-046904-40,10/29/2015,10/29/2016
AO2-261-046949-40,10/29/2015,10/29/2016
AO2-261-046992-40,10/29/2015,10/29/2016
AO2-261-047033-40,10/29/2015,10/29/2016
AO2-261-047079-40,10/29/2015,10/29/2016
AO2-261-047124-40,10/29/2015,10/29/2016
AO2-261-047169-40,10/29/2015,10/29/2016
AO2-261-047210-40,10/29/2015,10/29/2016
AO2-261-047248-40,10/29/2015,10/29/2016
AO2-261-047290-40,10/29/2015,10/29/2016
AO2-261-047335-40,10/29/2015,10/29/2016
AO2-261-047378-40,10/29/2015,10/29/2016
AO2-261-047421-40,10/29/2015,10/29/2016
AO2-261-047460-40,10/29/2015,10/29/2016
AO2-261-047506-40,10/29/2015,10/29/2016
AO2-261-047546-40,10/29/2015,10/29/2016
AO2-261-047588-40,10/29/2015,10/29/2016
AO2-261-046827-40,10/29/2015,10/29/2016
AO2-261-046867-40,10/29/2015,10/29/2016
AO2-261-046909-40,10/29/2015,10/29/2016
AO2-261-046951-40,10/29/2015,10/29/2016
AO2-261-046996-40,10/29/2015,10/29/2016
AO2-261-047037-40,10/29/2015,10/29/2016
AO2-261-047080-40,10/29/2015,10/29/2016
AO2-261-047127-40,10/29/2015,10/29/2016
AO2-261-047171-40,10/29/2015,10/29/2016
AO2-261-047212-40,10/29/2015,10/29/2016
AO2-261-047250-40,10/29/2015,10/29/2016
AO2-261-047292-40,10/29/2015,10/29/2016
AO2-261-047338-40,10/29/2015,10/29/2016
AO2-261-047380-40,10/29/2015,10/29/2016
AO2-261-047423-40,10/29/2015,10/29/2016
AO2-261-047463-40,10/29/2015,10/29/2016
AO2-261-047512-40,10/29/2015,10/29/2016
AO2-261-047552-40,10/29/2015,10/29/2016
AO2-261-047592-40,10/29/2015,10/29/2016
AO2-261-046830-40,10/29/2015,10/29/2016
AO2-261-046871-40,10/29/2015,10/29/2016
AO2-261-046913-40,10/29/2015,10/29/2016
AO2-261-046959-40,10/29/2015,10/29/2016
AO2-261-047003-40,10/29/2015,10/29/2016
AO2-261-047045-40,10/29/2015,10/29/2016
AO2-261-047090-40,10/29/2015,10/29/2016
AO2-261-047136-40,10/29/2015,10/29/2016
AO2-261-047178-40,10/29/2015,10/29/2016
AO2-261-047222-40,10/29/2015,10/29/2016
AO2-261-047258-40,10/29/2015,10/29/2016
AO2-261-047303-40,10/29/2015,10/29/2016
AO2-261-047346-40,10/29/2015,10/29/2016
AO2-261-047393-40,10/29/2015,10/29/2016
AO2-261-047432-40,10/29/2015,10/29/2016
AO2-261-047472-40,10/29/2015,10/29/2016
AO2-261-047515-40,10/29/2015,10/29/2016
AO2-261-047555-40,10/29/2015,10/29/2016
AO2-261-047594-40,10/29/2015,10/29/2016
AO2-261-046831-40,10/29/2015,10/29/2016
AO2-261-046870-40,10/29/2015,10/29/2016
AO2-261-046908-40,10/29/2015,10/29/2016
AO2-261-046950-40,10/29/2015,10/29/2016
AO2-261-046994-40,10/29/2015,10/29/2016
AO2-261-047035-40,10/29/2015,10/29/2016
AO2-261-047101-40,10/29/2015,10/29/2016
AO2-261-047145-40,10/29/2015,10/29/2016
AO2-261-047189-40,10/29/2015,10/29/2016
AO2-261-047230-40,10/29/2015,10/29/2016
AO2-261-047273-40,10/29/2015,10/29/2016
AO2-261-047317-40,10/29/2015,10/29/2016
AO2-261-047358-40,10/29/2015,10/29/2016
AO2-261-047404-40,10/29/2015,10/29/2016
AO2-261-047446-40,10/29/2015,10/29/2016
AO2-261-047490-40,10/29/2015,10/29/2016
AO2-261-047529-40,10/29/2015,10/29/2016
AO2-261-047570-40,10/29/2015,10/29/2016
AO2-261-046833-40,10/29/2015,10/29/2016
AO2-261-046874-40,10/29/2015,10/29/2016
AO2-261-046916-40,10/29/2015,10/29/2016
AO2-261-046954-40,10/29/2015,10/29/2016
AO2-261-047001-40,10/29/2015,10/29/2016
AO2-261-047041-40,10/29/2015,10/29/2016
AO2-261-047087-40,10/29/2015,10/29/2016
AO2-261-047133-40,10/29/2015,10/29/2016
AO2-261-047174-40,10/29/2015,10/29/2016
AO2-261-047215-40,10/29/2015,10/29/2016
AO2-261-047254-40,10/29/2015,10/29/2016
AO2-261-047298-40,10/29/2015,10/29/2016
