n9986404,pmcng928
n9984456,pmcng928
n9986507,pmcng928
n9983929,pmcng928
n9986601,pmcng928
n9986614,pmcng928
n9983492,pmcng928
n9984486,pmcng928
n9982874,pmcng928
n9983042,pmcng928
n9983087,pmcng928
n9983088,pmcng928
n9983398,pmcng928
n9983377,pmcng928
n9984308,pmcng928
n9984361,pmcng928
n9982078,pmcng928
n9984709,pmcng928
n9984756,pmcng928
n9984456,pmcng928
n9981900,pmcng928
n9981907,pmcng928
n9981911,pmcng928
n9981912,pmcng928
n9981913,pmcng928
n9981914,pmcng928
n9981915,pmcng928
n9981916,pmcng928
n9981917,pmcng928
n9981924,pmcng928
n9981927,pmcng928
n9981932,pmcng928
n9981934,pmcng928
n9981935,pmcng928
n9981969,pmcng928
n9981972,pmcng928
n9981973,pmcng928
n9981974,pmcng928
n9981975,pmcng928
