021540154,n0005078
022686408,n0005078
022728014,n0005078
022728123,n0005078
022728206,n0005078
022791330,n0005078
022791473,n0005078
022800229,n0005078
022800400,n0005078
022801627,n0005078
022801748,n0005078
022810751,n0005078
022836342,n0005078
022836539,n0005078
022836801,n0005078
022837955,n0005078
022861725,n0005078
022872766,n0005078
022873039,n0005078
022881909,n0005078
022881990,n0005078
022882192,n0005078
022882300,n0005078
022909101,n0005078
022909177,n0005078
022909215,n0005078
022909271,n0005078
022909311,n0005078
022909320,n0005078
022909341,n0005078
022909387,n0005078
022909541,n0005078
022909622,n0005078
022909690,n0005078
022909739,n0005078
022909748,n0005078
022909828,n0005078
022909855,n0005078
022909920,n0005078
022909940,n0005078
022910007,n0005078
022911135,n0005078
022912229,n0005078
022913309,n0005078
022914392,n0005078
022915428,n0005078
022915454,n0005078
022922794,n0005078
022922887,n0005078
022922892,n0005078
022922895,n0005078
022923037,n0005078
022923074,n0005078
022923105,n0005078
022923121,n0005078
022923143,n0005078
022923159,n0005078
022923241,n0005078
022923264,n0005078
022923407,n0005078
022923417,n0005078
022923439,n0005078
022924589,n0005078
022924594,n0005078
022924614,n0005078
022927749,n0005078
022928819,n0005078
022928823,n0005078
022940312,n0005078
022940640,n0005078
022940645,n0005078
022940649,n0005078
022940706,n0005078
022940748,n0005078
022940870,n0005078
022940883,n0005078
022940926,n0005078
022940937,n0005078
022942150,n0005078
022953755,n0005078
022953834,n0005078
022953858,n0005078
022953876,n0005078
022954017,n0005078
022954030,n0005078
022954069,n0005078
022954133,n0005078
022954146,n0005078
022954203,n0005078
022954255,n0005078
022954276,n0005078
022955331,n0005078
022955356,n0005078
022955399,n0005078
022955406,n0005078
022955418,n0005078
022955438,n0005078
022955446,n0005078
022955522,n0005078
022955545,n0005078
022955557,n0005078
022975129,n0005078
022975196,n0005078
022975230,n0005078
022976264,n0005078
022983469,n0005078
022983521,n0005078
022983554,n0005078
022983561,n0005078
022983666,n0005078
022983686,n0005078
022983710,n0005078
022983755,n0005078
022983788,n0005078
022983825,n0005078
022983850,n0005078
022983864,n0005078
022983882,n0005078
022983890,n0005078
022983900,n0005078
022983920,n0005078
022983943,n0005078
022983949,n0005078
022983954,n0005078
022983978,n0005078
022983980,n0005078
022983990,n0005078
022984039,n0005078
022984046,n0005078
022984048,n0005078
022984064,n0005078
022991244,n0005078
022991264,n0005078
022991312,n0005078
022991329,n0005078
022991330,n0005078
022991354,n0005078
022991371,n0005078
022991379,n0005078
022991406,n0005078
022991493,n0005078
022991494,n0005078
022991509,n0005078
022991525,n0005078
022991534,n0005078
022991548,n0005078
022991589,n0005078
022991614,n0005078
022991631,n0005078
022991639,n0005078
022991682,n0005078
022991686,n0005078
022991731,n0005078
022991808,n0005078
022991811,n0005078
022991834,n0005078
022991910,n0005078
022991952,n0005078
022991995,n0005078
022991996,n0005078
022991998,n0005078
022992001,n0005078
022992013,n0005078
022992037,n0005078
022992044,n0005078
022992088,n0005078
022993273,n0005078
022993310,n0005078
022994353,n0005078
022994370,n0005078
022995441,n0005078
022995446,n0005078
022995465,n0005078
022995475,n0005078
022995488,n0005078
022995507,n0005078
022996544,n0005078
022996556,n0005078
022997669,n0005078
022997686,n0005078
022997722,n0005078
022997778,n0005078
022997782,n0005078
022997792,n0005078
022997803,n0005078
022997810,n0005078
023004980,n0005078
023004988,n0005078
023005018,n0005078
023005048,n0005078
023005058,n0005078
023005070,n0005078
023005154,n0005078
023005212,n0005078
023005261,n0005078
023005419,n0005078
023005432,n0005078
023005444,n0005078
023005587,n0005078
023006742,n0005078
023006777,n0005078
023006794,n0005078
023006805,n0005078
023006806,n0005078
023006915,n0005078
023006926,n0005078
023006954,n0005078
023016306,n0005078
023016342,n0005078
023016367,n0005078
023016403,n0005078
023016434,n0005078
023016461,n0005078
023016474,n0005078
023016492,n0005078
023016534,n0005078
023016586,n0005078
023016590,n0005078
023016601,n0005078
023016611,n0005078
023016615,n0005078
023016627,n0005078
023016656,n0005078
023016691,n0005078
023016720,n0005078
023016729,n0005078
023016754,n0005078
023016899,n0005078
023016912,n0005078
023018086,n0005078
023018094,n0005078
023018096,n0005078
023018129,n0005078
023018141,n0005078
023018148,n0005078
023018241,n0005078
023018259,n0005078
023018389,n0005078
023018459,n0005078
023025654,n0005078
023025713,n0005078
023025772,n0005078
023025834,n0005078
023025852,n0005078
023025919,n0005078
023025922,n0005078
023025941,n0005078
023025948,n0005078
023025958,n0005078
023025972,n0005078
023025975,n0005078
023026008,n0005078
023026018,n0005078
023026028,n0005078
023026038,n0005078
023026078,n0005078
023026133,n0005078
023026193,n0005078
023026229,n0005078
023026272,n0005078
023027339,n0005078
023027357,n0005078
023027403,n0005078
023027411,n0005078
023027415,n0005078
023027471,n0005078
023027539,n0005078
023027585,n0005078
023027588,n0005078
023027724,n0005078
023036990,n0005078
023037006,n0005078
023037025,n0005078
023037064,n0005078
023037094,n0005078
023037120,n0005078
023037146,n0005078
023037215,n0005078
023037245,n0005078
023037246,n0005078
023037301,n0005078
023037314,n0005078
023037316,n0005078
023037367,n0005078
023037401,n0005078
023037467,n0005078
023037496,n0005078
023037551,n0005078
023037553,n0005078
023037601,n0005078
023038666,n0005078
023038675,n0005078
023038708,n0005078
023038711,n0005078
023038731,n0005078
023038799,n0005078
023038812,n0005078
023038820,n0005078
023038889,n0005078
023038917,n0005078
023038925,n0005078
023047165,n0005078
023047206,n0005078
023047217,n0005078
023047221,n0005078
023047242,n0005078
023047253,n0005078
023047258,n0005078
023047259,n0005078
023047340,n0005078
023047343,n0005078
023047349,n0005078
023047366,n0005078
023047375,n0005078
023047393,n0005078
023047425,n0005078
023047428,n0005078
023047443,n0005078
023048509,n0005078
023048552,n0005078
023048570,n0005078
023048572,n0005078
023056989,n0005078
023056992,n0005078
023057039,n0005078
023057068,n0005078
023057083,n0005078
023057085,n0005078
023064331,n0005078
023064390,n0005078
023064391,n0005078
023064425,n0005078
023064428,n0005078
023064533,n0005078
023064570,n0005078
023064597,n0005078
023064619,n0005078
023064659,n0005078
023064670,n0005078
023064676,n0005078
023064724,n0005078
023064728,n0005078
023064742,n0005078
023064755,n0005078
023064782,n0005078
023064798,n0005078
023064816,n0005078
023064848,n0005078
023064858,n0005078
023064871,n0005078
023064941,n0005078
023064991,n0005078
023064992,n0005078
023064999,n0005078
023065006,n0005078
023065018,n0005078
023065045,n0005078
023065060,n0005078
023065086,n0005078
023065129,n0005078
023066159,n0005078
023066172,n0005078
023066181,n0005078
023066192,n0005078
023066208,n0005078
023066220,n0005078
023066249,n0005078
023066345,n0005078
023066346,n0005078
023068431,n0005078
023068460,n0005078
023068471,n0005078
023068475,n0005078
023068477,n0005078
023068498,n0005078
023068502,n0005078
023068505,n0005078
023068518,n0005078
023068522,n0005078
023068546,n0005078
023068578,n0005078
023070736,n0005078
023070808,n0005078
023070811,n0005078
023070815,n0005078
023070885,n0005078
023070887,n0005078
023070893,n0005078
023078126,n0005078
023078179,n0005078
023078202,n0005078
023078203,n0005078
023078218,n0005078
023078230,n0005078
023078244,n0005078
023078382,n0005078
023078401,n0005078
023078413,n0005078
023078419,n0005078
023078427,n0005078
023078499,n0005078
023078514,n0005078
023078583,n0005078
023078597,n0005078
023078625,n0005078
023078721,n0005078
023078733,n0005078
023078790,n0005078
023079829,n0005078
023079836,n0005078
023079844,n0005078
023079888,n0005078
023079901,n0005078
023079905,n0005078
023079992,n0005078
023079994,n0005078
023080005,n0005078
023080016,n0005078
023080072,n0005078
023080090,n0005078
023080109,n0005078
023080198,n0005078
023081242,n0005078
023081248,n0005078
023081258,n0005078
023082287,n0005078
023090495,n0005078
023090614,n0005078
023090629,n0005078
023090640,n0005078
023090648,n0005078
023090652,n0005078
023090665,n0005078
023090669,n0005078
023090716,n0005078
023090747,n0005078
023090764,n0005078
023090829,n0005078
023090833,n0005078
023090843,n0005078
023090852,n0005078
023090858,n0005078
023090874,n0005078
023090887,n0005078
023090914,n0005078
023090926,n0005078
023090955,n0005078
023090964,n0005078
023090971,n0005078
023090974,n0005078
023091004,n0005078
023092131,n0005078
023092137,n0005078
023092179,n0005078
023092194,n0005078
023092301,n0005078
023092302,n0005078
023092359,n0005078
023092384,n0005078
023092395,n0005078
023094554,n0005078
023094556,n0005078
023102795,n0005078
023102812,n0005078
023102826,n0005078
023102889,n0005078
023102890,n0005078
023102968,n0005078
023103100,n0005078
023103109,n0005078
023103147,n0005078
023103208,n0005078
023103211,n0005078
023103342,n0005078
023103357,n0005078
023103395,n0005078
023104438,n0005078
023104471,n0005078
023104472,n0005078
023104556,n0005078
023104584,n0005078
023104601,n0005078
023104602,n0005078
023104603,n0005078
023104642,n0005078
023104650,n0005078
023104677,n0005078
023104747,n0005078
023105803,n0005078
023107894,n0005078
023108941,n0005078
023116207,n0005078
023116232,n0005078
023116243,n0005078
023116275,n0005078
023116306,n0005078
023116346,n0005078
023116385,n0005078
023116425,n0005078
023116432,n0005078
023116464,n0005078
023116468,n0005078
023116500,n0005078
023116523,n0005078
023116541,n0005078
023116575,n0005078
023116615,n0005078
023116673,n0005078
023116754,n0005078
023116755,n0005078
023116761,n0005078
023116764,n0005078
023116782,n0005078
023117829,n0005078
023117842,n0005078
023117862,n0005078
023117886,n0005078
023117890,n0005078
023117910,n0005078
023117969,n0005078
023117984,n0005078
023117996,n0005078
023118036,n0005078
023118044,n0005078
023118051,n0005078
023118077,n0005078
023118080,n0005078
023118098,n0005078
023118102,n0005078
023118186,n0005078
023127444,n0005078
023127458,n0005078
023127467,n0005078
023127554,n0005078
023127566,n0005078
023127673,n0005078
023127698,n0005078
023127715,n0005078
023128798,n0005078
023128808,n0005078
023128847,n0005078
023128897,n0005078
023128947,n0005078
023129011,n0005078
023129032,n0005078
023129083,n0005078
023129161,n0005078
023129191,n0005078
023136476,n0005078
023136499,n0005078
023136512,n0005078
023136565,n0005078
023136597,n0005078
023136616,n0005078
023136651,n0005078
023136665,n0005078
023136687,n0005078
023136724,n0005078
023136742,n0005078
023136748,n0005078
023136789,n0005078
023136802,n0005078
023136826,n0005078
023136831,n0005078
023136853,n0005078
023136861,n0005078
023136895,n0005078
023136899,n0005078
023136901,n0005078
023136907,n0005078
023136917,n0005078
023137003,n0005078
023137005,n0005078
023137006,n0005078
023137063,n0005078
023137069,n0005078
023137078,n0005078
023137115,n0005078
023137130,n0005078
023137140,n0005078
023137149,n0005078
023137209,n0005078
023137214,n0005078
023137250,n0005078
023137329,n0005078
023137393,n0005078
023137400,n0005078
023137406,n0005078
023138489,n0005078
023138490,n0005078
023138492,n0005078
023138494,n0005078
023138514,n0005078
023139630,n0005078
023139660,n0005078
023139673,n0005078
023139676,n0005078
023139731,n0005078
023140782,n0005078
023141868,n0005078
023141869,n0005078
023141882,n0005078
023142941,n0005078
023142951,n0005078
023142961,n0005078
023142969,n0005078
023143017,n0005078
023143028,n0005078
023143031,n0005078
023143040,n0005078
023143046,n0005078
023143088,n0005078
023150342,n0005078
023150364,n0005078
023150373,n0005078
023150407,n0005078
023150468,n0005078
023150507,n0005078
023150516,n0005078
023150594,n0005078
023150621,n0005078
023150676,n0005078
023150701,n0005078
023150715,n0005078
023150724,n0005078
023150839,n0005078
023150840,n0005078
023150843,n0005078
023150858,n0005078
023150870,n0005078
023150871,n0005078
023150905,n0005078
023150931,n0005078
023150984,n0005078
023151052,n0005078
023152133,n0005078
023152172,n0005078
023152210,n0005078
023152230,n0005078
023152274,n0005078
023152452,n0005078
023152459,n0005078
023152476,n0005078
023152495,n0005078
023152512,n0005078
023152525,n0005078
023152551,n0005078
023152556,n0005078
023152569,n0005078
023152591,n0005078
023152593,n0005078
023152644,n0005078
023160854,n0005078
023160938,n0005078
023160942,n0005078
023160976,n0005078
023160983,n0005078
023161053,n0005078
023161064,n0005078
023161066,n0005078
023161069,n0005078
023161081,n0005078
023161087,n0005078
023161118,n0005078
023161131,n0005078
023161148,n0005078
023161151,n0005078
023161188,n0005078
023161210,n0005078
023161211,n0005078
023161226,n0005078
023161245,n0005078
023161257,n0005078
023161289,n0005078
023161294,n0005078
023161301,n0005078
023161337,n0005078
023161338,n0005078
023161389,n0005078
023161421,n0005078
023161467,n0005078
023162581,n0005078
023162604,n0005078
023162634,n0005078
023162641,n0005078
023162727,n0005078
023162780,n0005078
023162789,n0005078
023162804,n0005078
023162810,n0005078
023162821,n0005078
023162829,n0005078
023162838,n0005078
023162849,n0005078
023162868,n0005078
023162883,n0005078
023162940,n0005078
023163016,n0005078
023170197,n0005078
023170205,n0005078
023170265,n0005078
023170301,n0005078
023170395,n0005078
023170426,n0005078
023170480,n0005078
023170488,n0005078
023170492,n0005078
023170517,n0005078
023170528,n0005078
023170615,n0005078
023170651,n0005078
023170652,n0005078
023170661,n0005078
023170791,n0005078
023171896,n0005078
023171917,n0005078
023171933,n0005078
023171966,n0005078
023171984,n0005078
023172026,n0005078
023172037,n0005078
023172045,n0005078
023172050,n0005078
023172061,n0005078
023172064,n0005078
023172072,n0005078
023172092,n0005078
023172108,n0005078
023172109,n0005078
023172123,n0005078
023172148,n0005078
023172159,n0005078
023172161,n0005078
023172205,n0005078
023172240,n0005078
023172248,n0005078
023172308,n0005078
023172329,n0005078
023172340,n0005078
023172349,n0005078
023172356,n0005078
023179595,n0005078
023179603,n0005078
023179607,n0005078
023179611,n0005078
023179613,n0005078
023179633,n0005078
023179641,n0005078
023179672,n0005078
023179701,n0005078
023179720,n0005078
023179842,n0005078
023179861,n0005078
023179864,n0005078
023179881,n0005078
023179900,n0005078
023179914,n0005078
023179931,n0005078
023179939,n0005078
023179953,n0005078
023179973,n0005078
023180012,n0005078
023180020,n0005078
023180080,n0005078
023180086,n0005078
023180095,n0005078
023180105,n0005078
023180146,n0005078
023180147,n0005078
023180153,n0005078
023180172,n0005078
023181221,n0005078
023181259,n0005078
023181282,n0005078
023181288,n0005078
023181305,n0005078
023181332,n0005078
023181343,n0005078
023181363,n0005078
023181417,n0005078
023181421,n0005078
023181427,n0005078
023181470,n0005078
023181471,n0005078
023181479,n0005078
023181492,n0005078
023181494,n0005078
023181495,n0005078
023181502,n0005078
023181505,n0005078
023181522,n0005078
023181529,n0005078
023181546,n0005078
023181554,n0005078
023181560,n0005078
023181615,n0005078
023181617,n0005078
023181620,n0005078
023191915,n0005078
023191937,n0005078
023191946,n0005078
023191968,n0005078
023191998,n0005078
023192095,n0005078
023192118,n0005078
023192129,n0005078
023192155,n0005078
023192189,n0005078
023192215,n0005078
023193271,n0005078
023193285,n0005078
023193308,n0005078
023193334,n0005078
023193374,n0005078
023193391,n0005078
023193392,n0005078
023193396,n0005078
023193436,n0005078
023193448,n0005078
023201648,n0005078
023201654,n0005078
023201657,n0005078
023201662,n0005078
023201665,n0005078
023201752,n0005078
023201765,n0005078
023201773,n0005078
023201775,n0005078
023201783,n0005078
023201789,n0005078
023201808,n0005078
023201817,n0005078
023201849,n0005078
023201865,n0005078
023201866,n0005078
023201890,n0005078
023201892,n0005078
023209110,n0005078
023209129,n0005078
023209167,n0005078
023209174,n0005078
023209242,n0005078
023209246,n0005078
023209272,n0005078
023209277,n0005078
023209321,n0005078
023209327,n0005078
023209346,n0005078
023209362,n0005078
023209383,n0005078
023209404,n0005078
023209419,n0005078
023209452,n0005078
023209457,n0005078
023209461,n0005078
023209537,n0005078
023209545,n0005078
023209590,n0005078
023209604,n0005078
023209657,n0005078
023209748,n0005078
023209823,n0005078
023209879,n0005078
023209911,n0005078
023209940,n0005078
023209947,n0005078
023209951,n0005078
023209968,n0005078
023211065,n0005078
023211073,n0005078
023211081,n0005078
023211082,n0005078
023211133,n0005078
023211138,n0005078
023211147,n0005078
023211183,n0005078
023211241,n0005078
023212283,n0005078
023213336,n0005078
023213337,n0005078
023214383,n0005078
023214392,n0005078
023214469,n0005078
023215570,n0005078
023215579,n0005078
023215637,n0005078
023222834,n0005078
023222863,n0005078
023222898,n0005078
023222902,n0005078
023222926,n0005078
023222956,n0005078
023222985,n0005078
023223052,n0005078
023223056,n0005078
023223063,n0005078
023223068,n0005078
023223081,n0005078
023223088,n0005078
023223115,n0005078
023223147,n0005078
023223172,n0005078
023223195,n0005078
023223222,n0005078
023223264,n0005078
023223376,n0005078
023223550,n0005078
023224625,n0005078
023224630,n0005078
023224713,n0005078
023224717,n0005078
023224743,n0005078
023224759,n0005078
023224797,n0005078
023224839,n0005078
023224861,n0005078
023224871,n0005078
023224886,n0005078
023224911,n0005078
023224983,n0005078
023234290,n0005078
023234305,n0005078
023234371,n0005078
023234375,n0005078
023234389,n0005078
023234421,n0005078
023234435,n0005078
023234442,n0005078
023234459,n0005078
023234506,n0005078
023234512,n0005078
023234514,n0005078
023234655,n0005078
023234664,n0005078
023234693,n0005078
023234712,n0005078
023234804,n0005078
023234842,n0005078
023235980,n0005078
023236021,n0005078
023236056,n0005078
023236070,n0005078
023236103,n0005078
023236182,n0005078
023236213,n0005078
023236252,n0005078
023236337,n0005078
023243538,n0005078
023243548,n0005078
023243572,n0005078
023243644,n0005078
023243647,n0005078
023243694,n0005078
023243695,n0005078
023243709,n0005078
023243749,n0005078
023243755,n0005078
023243757,n0005078
023243762,n0005078
023243766,n0005078
023243779,n0005078
023243822,n0005078
023243830,n0005078
023243839,n0005078
023243855,n0005078
023243886,n0005078
023243899,n0005078