n9986402,pmcng928
n9986403,pmcng928
n9986405,pmcng928
n9986413,pmcng928
n9986429,pmcng928
n9986430,pmcng928
n9986433,pmcng928
n9986453,pmcng928
n9986455,pmcng928
n9986457,pmcng928
n9986459,pmcng928
n9986463,pmcng928
n9986472,pmcng928
n9986475,pmcng928
n9986479,pmcng928
n9986481,pmcng928
n9986483,pmcng928
n9982972,pmcng928
n9983432,pmcng928
n9983434,pmcng928
n9983493,pmcng928
n9983495,pmcng928
n9983498,pmcng928
n9983500,pmcng928
n9983501,pmcng928
n9983502,pmcng928
n9986541,pmcng928
n9986542,pmcng928
n9986546,pmcng928
