044708583,354-426-6737,Home 354-426-6737
044708592,354-426-6720,Home 354-426-6720
044708615,354-426-6714,Home 354-426-6714
044708617,354-426-6717,Home 354-426-6717
044708910,354-426-6722,Home 354-426-6722
044709624,354-426-6732,Home 354-426-6732
044708738,354-426-7108,Home 354-426-7108
044708689,354-426-6715,Home 354-426-6715
044708818,354-426-6732,Home 354-426-6732
044708821,354-426-7109,Home 354-426-7109
044708862,354-426-6725,Home 354-426-6725
044708859,354-426-7106,Home 354-426-7106
044708886,354-426-7103,Home 354-426-7103
044708953,354-426-6726,Home 354-426-6726
044708995,354-426-7089,Home 354-426-7089
044708949,354-426-7086,Home 354-426-7086
044708971,354-426-7094,Home 354-426-7094
044709040,354-426-6716,Home 354-426-6716
044709166,354-426-7091,Home 354-426-7091
044709037,354-426-7096,Home 354-426-7096
044709210,354-426-7107,Home 354-426-7107
044709216,354-426-6740,Home 354-426-6740
044709234,354-426-7105,Home 354-426-7105
044709213,354-426-6727,Home 354-426-6727
044709269,354-426-6724,Home 354-426-6724
044709147,354-426-7095,Home 354-426-7095
044709261,354-426-7101,Home 354-426-7101
044709387,354-426-7083,Home 354-426-7083
044709732,354-426-7086,Home 354-426-7086
044709359,354-426-6720,Home 354-426-6720
044709794,354-426-6733,Home 354-426-6733
044709663,354-426-7103,Home 354-426-7103
044708588,354-426-6778,Home 354-426-6778
044709715,354-426-6722,Home 354-426-6722
044709891,354-426-7097,Home 354-426-7097
044709503,354-426-7102,Home 354-426-7102
044709560,354-426-7085,Home 354-426-7085
044709324,354-426-6710,Home 354-426-6710
044709754,354-426-7094,Home 354-426-7094
044709899,354-426-7095,Home 354-426-7095
044709302,354-426-7087,Home 354-426-7087
044709347,354-426-7092,Home 354-426-7092
044709686,354-426-7099,Home 354-426-7099
044709943,354-426-7107,Home 354-426-7107
044709399,354-426-6717,Home 354-426-6717
044710008,354-426-6710,Home 354-426-6710
044709563,354-426-6738,Home 354-426-6738
044709647,354-426-6718,Home 354-426-6718
044709888,354-426-6730,Home 354-426-6730
044709307,354-426-6713,Home 354-426-6713
044709985,354-426-6737,Home 354-426-6737
044709987,354-426-7087,Home 354-426-7087
044709774,354-426-7089,Home 354-426-7089
044709564,354-426-6735,Home 354-426-6735
044709830,354-426-7104,Home 354-426-7104
044709396,354-426-6714,Home 354-426-6714
044709816,354-426-6719,Home 354-426-6719
044709928,354-426-6734,Home 354-426-6734
044709977,354-426-6724,Home 354-426-6724
044709481,354-426-6715,Home 354-426-6715
044709939,354-426-6740,Home 354-426-6740
044709950,354-426-7105,Home 354-426-7105
044709454,354-426-6731,Home 354-426-6731
044708908,354-426-7099,Home 354-426-7099
044708706,354-426-7102,Home 354-426-7102
044708776,354-426-6738,Home 354-426-6738
044709309,354-426-6737,Home 354-426-6737
044709042,354-426-6719,Home 354-426-6719
044708647,354-426-6731,Home 354-426-6731
044708775,354-426-6735,Home 354-426-6735
044709130,354-426-6730,Home 354-426-6730
044709006,354-426-6733,Home 354-426-6733
044709581,354-426-7093,Home 354-426-7093
044708622,354-426-7083,Home 354-426-7083
044709850,354-426-7100,Home 354-426-7100
044709648,354-426-6725,Home 354-426-6725
044709737,354-426-6726,Home 354-426-6726
044708729,354-426-6721,Home 354-426-6721
044709539,354-426-6721,Home 354-426-6721
044709875,354-426-6723,Home 354-426-6723
044709092,354-426-6723,Home 354-426-6723
044709483,354-426-6728,Home 354-426-6728
044709914,354-426-7091,Home 354-426-7091
044709600,354-426-7109,Home 354-426-7109
044709186,354-426-6734,Home 354-426-6734
044708582,354-426-6713,Home 354-426-6713
044708797,354-426-7093,Home 354-426-7093
044708951,354-426-6739,Home 354-426-6739
044709063,354-426-7104,Home 354-426-7104
044709472,354-426-7084,Home 354-426-7084
044709641,354-426-7106,Home 354-426-7106
044709735,354-426-6739,Home 354-426-6739
044708693,354-426-7084,Home 354-426-7084
044709129,354-426-6736,Home 354-426-6736
044709520,354-426-7108,Home 354-426-7108
044709412,354-426-6711,Home 354-426-6711
044709814,354-426-7096,Home 354-426-7096
044708774,354-426-7085,Home 354-426-7085
044708867,354-426-6718,Home 354-426-6718
044709126,354-426-7097,Home 354-426-7097
044709081,354-426-7100,Home 354-426-7100
044708584,354-426-6775,Home 354-426-6775
044708961,354-426-7150,Home 354-426-7150
044708756,354-426-7149,Home 354-426-7149
044708637,354-426-6798,Home 354-426-6798
044708732,354-426-6788,Home 354-426-6788
045000133,354-426-6775,Home 354-426-6775
044708824,354-426-6776,Home 354-426-6776
044708877,354-426-7146,Home 354-426-7146
044708856,354-426-7159,Home 354-426-7159
044709067,354-426-7140,Home 354-426-7140
044709017,354-426-7153,Home 354-426-7153
044708939,354-426-6799,Home 354-426-6799
044708981,354-426-7147,Home 354-426-7147
044709076,354-426-6792,Home 354-426-6792
044709151,354-426-6780,Home 354-426-6780
044709047,354-426-6789,Home 354-426-6789
044709085,354-426-7157,Home 354-426-7157
044709125,354-426-7143,Home 354-426-7143
044709193,354-426-7148,Home 354-426-7148
044709138,354-426-6777,Home 354-426-6777
044709268,354-426-7151,Home 354-426-7151
044709295,354-426-7158,Home 354-426-7158
044709708,354-426-7156,Home 354-426-7156
044709401,354-426-6784,Home 354-426-6784
044709983,354-426-6777,Home 354-426-6777
044709780,354-426-7159,Home 354-426-7159
044709458,354-426-6775,Home 354-426-6775
044709668,354-426-6788,Home 354-426-6788
044709920,354-426-7153,Home 354-426-7153
044709478,354-426-7161,Home 354-426-7161
044709927,354-426-6796,Home 354-426-6796
044710020,354-426-7160,Home 354-426-7160
044709575,354-426-7139,Home 354-426-7139
044708653,354-426-7139,Home 354-426-7139
044708836,354-426-6779,Home 354-426-6779
044708723,354-426-6795,Home 354-426-6795
044708928,354-426-6786,Home 354-426-6786
044708973,354-426-6802,Home 354-426-6802
044709282,354-426-6773,Home 354-426-6773
044708590,354-426-6781,Home 354-426-6781
044708761,354-426-6791,Home 354-426-6791
044709181,354-426-6783,Home 354-426-6783
044709501,354-426-6781,Home 354-426-6781
044708772,354-426-7156,Home 354-426-7156
044709807,354-426-7146,Home 354-426-7146
044709362,354-426-6800,Home 354-426-6800
044709867,354-426-6799,Home 354-426-6799
044708668,354-426-6794,Home 354-426-6794
044709798,354-426-6782,Home 354-426-6782
044709887,354-426-6802,Home 354-426-6802
044708868,354-426-6782,Home 354-426-6782
044709559,354-426-6785,Home 354-426-6785
044709672,354-426-7149,Home 354-426-7149
044709856,354-426-6786,Home 354-426-6786
044709757,354-426-7142,Home 354-426-7142
044709778,354-426-6779,Home 354-426-6779
044709601,354-426-6794,Home 354-426-6794
044709165,354-426-7160,Home 354-426-7160
044709955,354-426-7157,Home 354-426-7157
044709228,354-426-7163,Home 354-426-7163
044709336,354-426-7154,Home 354-426-7154
044709507,354-426-6774,Home 354-426-6774
044709554,354-426-7145,Home 354-426-7145
044709570,354-426-6798,Home 354-426-6798
044709258,354-426-6790,Home 354-426-6790
044709391,354-426-6793,Home 354-426-6793
044709896,354-426-7147,Home 354-426-7147
044709657,354-426-6795,Home 354-426-6795
044709763,354-426-6776,Home 354-426-6776
044708657,354-426-6801,Home 354-426-6801
044709469,354-426-6778,Home 354-426-6778
044709649,354-426-7152,Home 354-426-7152
044709247,354-426-6797,Home 354-426-6797
044709351,354-426-6787,Home 354-426-6787
044709380,354-426-7141,Home 354-426-7141
044708702,354-426-7152,Home 354-426-7152
044709845,354-426-7162,Home 354-426-7162
044709937,354-426-6789,Home 354-426-6789
044708807,354-426-7142,Home 354-426-7142
044708912,354-426-7162,Home 354-426-7162
044708627,354-426-6785,Home 354-426-6785
044709035,354-426-6796,Home 354-426-6796
044709596,354-426-6801,Home 354-426-6801
044709699,354-426-6791,Home 354-426-6791
044708589,354-427-4353,Home 354-427-4353
044708605,354-427-4354,Home 354-427-4354
044708603,354-427-4357,Home 354-427-4357
044708636,354-427-4363,Home 354-427-4363
044708626,354-427-4351,Home 354-427-4351
044709631,354-427-4355,Home 354-427-4355
044708791,354-427-4354,Home 354-427-4354
044708684,354-427-4364,Home 354-427-4364
044708687,354-427-4361,Home 354-427-4361
044708733,354-427-4365,Home 354-427-4365
044708686,354-427-4356,Home 354-427-4356
044708897,354-427-4361,Home 354-427-4361
044708740,354-427-4362,Home 354-427-4362
044708766,354-427-4350,Home 354-427-4350
044708782,354-427-4366,Home 354-427-4366
044708792,354-427-4357,Home 354-427-4357
044708889,354-427-4364,Home 354-427-4364
044708896,354-427-4367,Home 354-427-4367
044708932,354-427-4365,Home 354-427-4365
044708937,354-427-4353,Home 354-427-4353
044708969,354-427-4350,Home 354-427-4350
044709070,354-427-4352,Home 354-427-4352
044708987,354-427-4366,Home 354-427-4366
044709005,354-427-4357,Home 354-427-4357
044709018,354-427-4351,Home 354-427-4351
044709168,354-427-4350,Home 354-427-4350
044709043,354-427-4355,Home 354-427-4355
044709046,354-427-4370,Home 354-427-4370
044709142,354-427-4353,Home 354-427-4353
044709060,354-427-4358,Home 354-427-4358
044709121,354-426-7585,Home 354-426-7585
044709160,354-427-4362,Home 354-427-4362
044709190,354-427-4366,Home 354-427-4366
044709139,354-427-4365,Home 354-427-4365
044709248,354-427-4370,Home 354-427-4370
044709243,354-427-4355,Home 354-427-4355
044709221,354-427-4351,Home 354-427-4351
044709194,354-427-4354,Home 354-427-4354
044709345,354-427-4368,Home 354-427-4368
044709635,354-427-4357,Home 354-427-4357
044709633,354-427-4363,Home 354-427-4363
044709442,354-427-4363,Home 354-427-4363
044709487,354-427-4358,Home 354-427-4358
044709195,354-427-4369,Home 354-427-4369
044709666,354-427-4352,Home 354-427-4352
044709382,354-427-4362,Home 354-427-4362
044709292,354-427-4356,Home 354-427-4356
044709787,354-427-4369,Home 354-427-4369
044709784,354-427-4366,Home 354-427-4366
044709341,354-427-4365,Home 354-427-4365
044709964,354-427-4367,Home 354-427-4367
044709538,354-427-4361,Home 354-427-4361
044709966,354-427-4363,Home 354-427-4363
044709991,354-427-4368,Home 354-427-4368
044709420,354-427-4351,Home 354-427-4351
044709567,354-427-4350,Home 354-427-4350
044709976,354-427-4355,Home 354-427-4355
044709771,354-427-4350,Home 354-427-4350
044709393,354-427-4354,Home 354-427-4354
044709496,354-427-4356,Home 354-427-4356
044709297,354-427-4367,Home 354-427-4367
044709549,354-427-4368,Home 354-427-4368
044709738,354-427-4365,Home 354-427-4365
044709909,354-427-4365,Home 354-427-4365
044709616,354-427-4351,Home 354-427-4351
