CLAIMNUMBER,LOBCODE
029956381,10004
030168816,10004
030175016,10004
030182296,10004
030187427,10004
030192323,10004
030196876,10004
030198122,10004
030582124,10004
030586244,10004
030586562,10004
030588057,10004
030590462,10004
030591116,10004
030592886,10004
030696049,10004
030699176,10004
030700234,10004
030700370,10004
030701530,10004
030704667,10004
030774371,10004
030774679,10004
030854807,10004
030861955,10004
030862073,10004
030862164,10004
030862316,10004
030862410,10004
030862413,10004
030862463,10004
030863107,10004
030863442,10004
030863556,10004
030866279,10004
030866364,10004
030866678,10004
030866758,10004
030866999,10004
030867187,10004
030867209,10004
030867251,10004
030867325,10004
030867395,10004
030867490,10004
030867667,10004
030868092,10004
030868382,10004
030868396,10004
030868477,10004
030868513,10004
030868549,10004
030868633,10004
030868703,10004
030868788,10004
030869026,10004
030869047,10004
030869079,10004
030869121,10004
030869184,10004
030869477,10004
030869545,10004
030869596,10004
030869628,10004
030869874,10004
030870362,10004
030870531,10004
030870563,10004
030873332,10004
030873345,10004
030873488,10004
030873705,10004
030873757,10004
030874039,10004
030874230,10004
030874433,10004
030874545,10004
030874644,10004
030874701,10004
030874773,10004
030875565,10004
030875596,10004
030875969,10004
030875981,10004
030876106,10004
030876391,10004
030876421,10004
030876482,10004
030876492,10004
030876768,10004
030876882,10004
030877275,10004
030877305,10004
030877379,10004
030877590,10004
030880354,10004
030880414,10004
030880851,10004
030881130,10004
030881199,10004
030881246,10004
030881341,10004
030881368,10004
030881905,10004
030881949,10004
030882229,10004
030882359,10004
030882378,10004
030882618,10004
030882746,10004
030882769,10004
030882944,10004
030882974,10004
030883074,10004
030883398,10004
030883588,10004
030883634,10004
030883810,10004
030883855,10004
030883862,10004
030884170,10004
030884172,10004
030884361,10004
030886528,10004
030886595,10004
030886834,10004
030887148,10004
030887181,10004
030887385,10004
030887453,10004
030887466,10004
030887499,10004
030887773,10004
030887778,10004
030887895,10004
030888009,10004
030888131,10004
030888238,10004
030888240,10004
030888314,10004
030888321,10004
030888338,10004
030888371,10004
030888523,10004
030888655,10004
030888829,10004
030888839,10004
030888882,10004
030888951,10004
030889128,10004
030889193,10004
030889217,10004
030889435,10004
030889573,10004
030889610,10004
030889737,10004
030889739,10004
030889747,10004
030889810,10004
030889867,10004
030889887,10004
030889999,10004
030890002,10004
030891075,10004
030893263,10004
030893340,10004
030893556,10004
030893775,10004
030893876,10004
030893956,10004
030894152,10004
030894201,10004
030894214,10004
030894233,10004
030894299,10004
030894562,10004
030894628,10004
030894632,10004
030894837,10004
030894933,10004
030895002,10004
030895033,10004
030895278,10004
030895290,10004
030895351,10004
030895513,10004
030895580,10004
030898350,10004
030898358,10004
030898540,10004
030898594,10004
030898694,10004
030898717,10004
030898927,10004
030899155,10004
030899246,10004
030899263,10004
030899318,10004
030899429,10004
030899475,10004
030899567,10004
030899582,10004
030899862,10004
030900061,10004
030900179,10004
030900203,10004
030900353,10004
030900416,10004
030900610,10004
030900841,10004
030903166,10004
030903324,10004
030903328,10004
030903461,10004
030903675,10004
030903786,10004
030903822,10004
030904197,10004
030904214,10004
030904322,10004
030904329,10004
030904371,10004
030904398,10004
030904426,10004
030904467,10004
030904557,10004
030904585,10004
030904711,10004
030904803,10004
030904827,10004
030905000,10004
030905002,10004
030905074,10004
030905140,10004
030905183,10004
030905215,10004
030905228,10004
030905329,10004
030905339,10004
030905407,10004
030905509,10004
030905546,10004
030905603,10004
030905644,10004
030905743,10004
030905859,10004
030905922,10004
030905933,10004
030905989,10004
030906086,10004
030906090,10004
030906103,10004
030906233,10004
030906244,10004
030906403,10004
030906486,10004
030906510,10004
030906698,10004
030906712,10004
030906733,10004
030906788,10004
030906819,10004
030906868,10004
030906905,10004
030906946,10004
030906962,10004
030907004,10004
030907007,10004
030907064,10004
030907283,10004
030907348,10004
030907364,10004
030907407,10004
030907523,10004
030907543,10004
030907661,10004
030907669,10004
030907756,10004
030907760,10004
030907923,10004
030908315,10004
030908318,10004
030908323,10004
030908333,10004
030908351,10004
030908358,10004
030908367,10004
030908382,10004
030908500,10004
030908501,10004
030908517,10004
030908657,10004
030908717,10004
030908740,10004
030908791,10004
030908794,10004
030908876,10004
030909125,10004
030909207,10004
030909240,10004
030911798,10004
030911842,10004
030912070,10004
030912108,10004
030912236,10004
030912303,10004
030912432,10004
030912558,10004
030912768,10004
030912816,10004
030912873,10004
030912940,10004
030912996,10004
030913009,10004
030913057,10004
030913102,10004
030913116,10004
030913134,10004
030913196,10004
030913220,10004
030913385,10004
030913448,10004
030913504,10004
030913526,10004
030914631,10004
030914632,10004
030914657,10004
030915690,10004
030915725,10004
030915753,10004
030915767,10004
030915826,10004
030915832,10004
030915863,10004
030915957,10004
030915991,10004
030916038,10004
030916086,10004
030916093,10004
030916143,10004
030916291,10004
030916329,10004
030916388,10004
030916400,10004
030916427,10004
030916454,10004
030916475,10004
030916480,10004
030916630,10004
030916645,10004
030916741,10004
030916750,10004
030917049,10004
030917114,10004
030917152,10004
030917161,10004
030917176,10004
030917181,10004
030917265,10004
030917284,10004
030917315,10004
030917331,10004
030917353,10004
030917376,10004
030917427,10004
030917455,10004
030917532,10004
030917566,10004
030917640,10004
030917783,10004
030917806,10004
030917822,10004
030917942,10004
030918029,10004
030918054,10004
030918139,10004
030918239,10004
030918389,10004
030918409,10004
030918460,10004
030918462,10004
030918503,10004
030918514,10004
030918558,10004
030918584,10004
030918590,10004
030919832,10004
030919972,10004
030920014,10004
030920040,10004
030920051,10004
030920066,10004
030920239,10004
030920329,10004
030920494,10004
030920558,10004
030920578,10004
030920583,10004
030920657,10004
030920665,10004
030920693,10004
030920703,10004
030920726,10004
030920781,10004
030920808,10004
030920866,10004
030920937,10004
030921019,10004
030921070,10004
030921150,10004
030921197,10004
030921233,10004
030921241,10004
030921279,10004
030921342,10004
030921376,10004
030921442,10004
030921477,10004
030921485,10004
030921486,10004
030921529,10004
030921586,10004
030921649,10004
030921824,10004
030921910,10004
030921947,10004
030921949,10004
030921967,10004
030922020,10004
030922058,10004
030922167,10004
030922262,10004
030922335,10004
030922441,10004
030922444,10004
030922592,10004
030922632,10004
030922735,10004
030922767,10004
030922838,10004
030922966,10004
030923016,10004
030923025,10004
030923074,10004
030923146,10004
030923154,10004
030923190,10004
030923235,10004
030923242,10004
030923268,10004
030923379,10004
030923389,10004
030923519,10004
030923568,10004
030923630,10004
030923657,10004
030923772,10004
030923933,10004
030923981,10004
030924031,10004
030924220,10004
030924234,10004
030924260,10004
030924263,10004
030924349,10004
030924442,10004
030924544,10004
030924549,10004
030924577,10004
030924616,10004
030924650,10004
030925927,10004
030925977,10004
030925986,10004
030925995,10004
030926007,10004
030926135,10004
030926149,10004
030926152,10004
030926203,10004
030926234,10004
030926261,10004
030926304,10004
030926371,10004
030926380,10004
030926386,10004
030926390,10004
030926409,10004
030926447,10004
030926492,10004
030926493,10004
030926510,10004
030926572,10004
030926614,10004
030926693,10004
030926705,10004
030926827,10004
030926925,10004
030926952,10004
030926988,10004
030927213,10004
030927219,10004
030927231,10004
030927233,10004
030927251,10004
030927302,10004
030927433,10004
030927491,10004
030927517,10004
030927552,10004
030927720,10004
030927994,10004
030928003,10004
030928133,10004
030928185,10004
030928273,10004
030928294,10004
030928325,10004
030928342,10004
030928366,10004
030928419,10004
030928447,10004
030928575,10004
030928609,10004
030928613,10004
030928640,10004
030928645,10004
030928744,10004
030928807,10004
030928982,10004
030929034,10004
030929111,10004
030929131,10004
030929136,10004
030929150,10004
030929201,10004
030929221,10004
030929257,10004
030929268,10004
030929272,10004
030929340,10004
030929374,10004
030929457,10004
030929584,10004
030929792,10004
030929796,10004
030929807,10004
030929830,10004
030929912,10004
030929993,10004
030929998,10004
030930070,10004
030930085,10004
030930090,10004
030930247,10004
030930321,10004
030930338,10004
030931547,10004
030931668,10004
030931691,10004
030931719,10004
030931842,10004
030931864,10004
030932028,10004
030932039,10004
030932075,10004
030932132,10004
030932133,10004
030932195,10004
030932246,10004
030932310,10004
030932356,10004
030932413,10004
030932437,10004
030932449,10004
030932458,10004
030932473,10004
030932512,10004
030932520,10004
030932568,10004
030932682,10004
030932687,10004
030932754,10004
030932793,10004
030932823,10004
030932891,10004
030932980,10004
030932998,10004
030933002,10004
030933048,10004
030933062,10004
030933080,10004
030933091,10004
030933119,10004
030933159,10004
030933201,10004
030933353,10004
030933412,10004
030933440,10004
030933506,10004
030933508,10004
030933553,10004
030933558,10004
030933573,10004
030933575,10004
030933582,10004
030933602,10004
030933604,10004
030933655,10004
030933706,10004
030933719,10004
030933774,10004
030933802,10004
030933823,10004
030933842,10004
030933883,10004
030933888,10004
030933892,10004
030933918,10004
030933974,10004
030933975,10004
030934010,10004
030934054,10004
030934085,10004
030934123,10004
030934159,10004
030934186,10004
030934271,10004
030934346,10004
030934406,10004
030934415,10004
030934470,10004
030934485,10004
030934576,10004
030934584,10004
030934597,10004
030934608,10004
030934696,10004
030934763,10004
030934785,10004
030934902,10004
030934922,10004
030935038,10004
030935044,10004
030935076,10004
030935133,10004
030935159,10004
030935190,10004
030935219,10004
030935224,10004
030935339,10004
030935368,10004
030935390,10004
030935747,10004
030935751,10004
030935792,10004
030935843,10004
030936012,10004
030936019,10004
030936105,10004
030936119,10004
030936159,10004
030936163,10004
030936186,10004
030936210,10004
030936213,10004
030936218,10004
030936259,10004
030937505,10004
030937631,10004
030937744,10004
030937874,10004
030937893,10004
030938000,10004
030938040,10004
030938053,10004
030938080,10004
030938304,10004
030938308,10004
030938323,10004
030938353,10004
030938385,10004
030938413,10004
030938496,10004
030938506,10004
030938633,10004
030938652,10004
030938664,10004
030938833,10004
030938928,10004
030938935,10004
030938953,10004
030938995,10004
030939064,10004
030939071,10004
030939096,10004
030939104,10004
030939139,10004
030939142,10004
030939169,10004
030939202,10004
030939236,10004
030939289,10004
030939315,10004
030939353,10004
030939456,10004
030939463,10004
030939479,10004
030939516,10004
030939529,10004
030939624,10004
030939643,10004
030939934,10004
030940048,10004
030940142,10004
030942288,10004
030942376,10004
030942389,10004
030942425,10004
030942431,10004
030942465,10004
030942502,10004
030942533,10004
030942595,10004
030942622,10004
030942659,10004
030942701,10004
030942833,10004
030942937,10004
030942948,10004
030942994,10004
030943015,10004
030943093,10004
030943140,10004
030943146,10004
030943191,10004
030943339,10004
030943497,10004
030943534,10004
030943564,10004
030943590,10004
030943670,10004
030943764,10004
030943881,10004
030943888,10004
030944000,10004
030944024,10004
030944036,10004
030944297,10004
030944379,10004
030944417,10004
030944426,10004
030945619,10004
030945648,10004
030945677,10004
030945752,10004
030945883,10004
030945903,10004
030945930,10004
030945935,10004
030946012,10004
030946060,10004
030946107,10004
030946127,10004
030946153,10004
030946196,10004
030946236,10004
030946369,10004
030946384,10004
030946434,10004
030946444,10004
030946445,10004
030946478,10004
030946627,10004
030946644,10004
030946652,10004
030946703,10004
030946748,10004
030946751,10004
030946769,10004
030946792,10004
030946864,10004
030946882,10004
030946943,10004
030947006,10004
030947010,10004
030947025,10004
030947093,10004
030947197,10004
030947205,10004
030947262,10004
030947315,10004
030947361,10004
030947382,10004
030947489,10004
030947535,10004
030947598,10004
030947625,10004
030947736,10004
030947820,10004
030947853,10004
030947881,10004
030947931,10004
030947960,10004
030947967,10004
030947976,10004
030947982,10004
030947999,10004
030948009,10004
030948027,10004
030948030,10004
030948043,10004
030948063,10004
030948093,10004
030948150,10004
030948161,10004
030948182,10004
030948201,10004
030948220,10004
030948225,10004
030948250,10004
030948251,10004
030948290,10004
030948307,10004
030948334,10004
030948356,10004
030948400,10004
030948410,10004
030948435,10004
030948446,10004
030948451,10004
030948501,10004
030948521,10004
030948630,10004
030948655,10004
030948665,10004
030948678,10004
030948744,10004
030948788,10004
030948791,10004
030948800,10004
030948839,10004
030948860,10004
030948873,10004
030948879,10004
030948894,10004
030948905,10004
030948933,10004
030948936,10004
030948971,10004
030949001,10004
030949003,10004
030949011,10004
030949088,10004
030949101,10004
030949109,10004
030949113,10004
030949121,10004
030949179,10004
030949189,10004
030949215,10004
030949219,10004
030949239,10004
030949286,10004
030949306,10004
030949313,10004
030949331,10004
030949355,10004
030949362,10004
030949452,10004
030949482,10004
030949565,10004
030949585,10004
030949588,10004
030949605,10004
030949608,10004
030949623,10004
030949731,10004
030949783,10004
030949800,10004
030949818,10004
030949853,10004
030949902,10004
030949904,10004
030949954,10004
030950037,10004
030950048,10004
030950079,10004
030950115,10004
030950133,10004
030950147,10004
030950188,10004
030950217,10004
030950252,10004
030950271,10004
030950378,10004
030950390,10004
030950392,10004
030950466,10004
030950467,10004
030950481,10004
030950515,10004
030950545,10004
030950575,10004
030950621,10004
030950626,10004
030950631,10004
030950671,10004
030950698,10004
030950705,10004
030950709,10004
030950718,10004
030950739,10004
030950754,10004
030950929,10004
030950943,10004
030950968,10004
030950969,10004
030951000,10004
030951186,10004
030951208,10004
030951228,10004
030951263,10004
030951290,10004
030951303,10004
030951321,10004
030951332,10004
030951334,10004
030951337,10004
030951345,10004
030951353,10004
030951369,10004
030951412,10004
030951450,10004
030951511,10004
030951637,10004
030951642,10004
030951665,10004
030951715,10004
030953031,10004
030953075,10004
030953114,10004
030953130,10004
030953176,10004
030953255,10004
030953263,10004
030953339,10004
030953377,10004
030953417,10004
030953466,10004
030953489,10004
030953500,10004
030953511,10004
030953538,10004
030953539,10004
030953621,10004
030953655,10004
030953678,10004
030953695,10004
030953731,10004
030953732,10004
030953833,10004
030953844,10004
030953848,10004
030953897,10004
030954044,10004
030954049,10004
030954068,10004
030954071,10004
030954166,10004
030954171,10004
030954211,10004
030954266,10004
030954277,10004
030954308,10004
030954353,10004
030954358,10004
030954367,10004
030954383,10004
030954395,10004
030954414,10004
030954450,10004
030954481,10004
030954494,10004
030954495,10004
030954549,10004
030954571,10004
030954600,10004
030954661,10004
030954683,10004
030954697,10004
030954728,10004
030954732,10004
030954770,10004
030954791,10004
030954819,10004
030954837,10004
030954838,10004
030954850,10004
030954886,10004
030954887,10004
030954916,10004
030954972,10004
030954991,10004
030955009,10004
030955033,10004
030955034,10004
030955108,10004
030955112,10004
030955138,10004
030955149,10004
030955154,10004
030955176,10004
030955191,10004
030955238,10004
030955244,10004
030955247,10004
030955285,10004
030955333,10004
030955336,10004
030955339,10004
030955371,10004
030955424,10004
030955437,10004
030955444,10004
030955473,10004
030955475,10004
030955511,10004
030955585,10004
030955587,10004
030955606,10004
030955641,10004
030955644,10004
030955645,10004
030955677,10004
030955690,10004
030955716,10004
030955744,10004
030955767,10004
030955770,10004
030955797,10004
030955829,10004
030955830,10004
030955855,10004
030955992,10004
030955996,10004
030956023,10004
030956027,10004
030956039,10004
030956067,10004
030956080,10004
030956086,10004
030956113,10004
030956203,10004
030956241,10004
030956244,10004
030956252,10004
030956273,10004
030956292,10004
030956310,10004
030956332,10004
030956349,10004
030956350,10004
030956383,10004
030956397,10004
030956399,10004
030956403,10004
030956435,10004
030956466,10004
030956523,10004
030956558,10004
030956578,10004
030956601,10004
030956641,10004
030956693,10004
030956752,10004
030956823,10004
030956906,10004
030956936,10004
030956961,10004
030957028,10004
030957031,10004
030957037,10004
030957052,10004
030957067,10004
030957085,10004
030957088,10004
030957104,10004
030957124,10004
030957129,10004
030957177,10004
030957179,10004
030957183,10004
030957184,10004
030957212,10004
030957214,10004
030957226,10004
030957253,10004
030957281,10004
030957385,10004
030957400,10004
030957406,10004
030957416,10004
030957427,10004
030957465,10004
030957477,10004
030957487,10004
030957494,10004
030957503,10004
030958555,10004
030958581,10004
030958588,10004
030958595,10004
030958670,10004
030958676,10004
030958688,10004
030958771,10004
030958784,10004
030958807,10004
030958855,10004
030958894,10004
030958943,10004
030958986,10004
030959003,10004
030959004,10004
030959033,10004
030959055,10004
030959064,10004
030959065,10004
030959086,10004
030959122,10004
030959168,10004
030959176,10004
030959204,10004
030959298,10004
030959307,10004
030959311,10004
030959321,10004
030959364,10004
030959371,10004
030959399,10004
030959400,10004
030959426,10004
030959433,10004
030959466,10004
030959529,10004
030959534,10004
030959535,10004
030959555,10004
030959556,10004
030959564,10004
030959592,10004
030959607,10004
030959609,10004
030959660,10004
030959672,10004
030959674,10004
030959708,10004
030959737,10004
030959772,10004
030959779,10004
030959799,10004
030959890,10004
030959893,10004
030959902,10004
030959912,10004
030959924,10004
030959942,10004
030959951,10004
030959965,10004
030959979,10004
030960007,10004
030960021,10004
030960048,10004
030960067,10004
030960072,10004
030960085,10004
030960087,10004
030960108,10004
030960121,10004
030960126,10004
030960127,10004
030960131,10004
030960132,10004
030960135,10004
030960173,10004
030960190,10004
030960209,10004
030960217,10004
030960224,10004
030960252,10004
030960257,10004
030960282,10004
030960284,10004
030960300,10004
030960318,10004
030960323,10004
030960327,10004
030960348,10004
030960370,10004
030960396,10004
030960403,10004
030960423,10004
030960428,10004
030960432,10004
030960488,10004
030960494,10004
030960497,10004
030960499,10004
030960501,10004
030960515,10004
030960520,10004
030960530,10004
030960538,10004
030960572,10004
030960615,10004
030960617,10004
030960637,10004
030960653,10004
030960678,10004
030960691,10004
030960741,10004
030960742,10004
030960765,10004
030960768,10004
030960779,10004
030960781,10004
030960806,10004
030960848,10004
030960851,10004
030960866,10004
030960876,10004
030960893,10004
030960922,10004
030960943,10004
030960967,10004
030960988,10004
030960996,10004
030961004,10004
030961010,10004
030961021,10004
030961048,10004
030961052,10004
030961059,10004
030961069,10004
030961117,10004
030961120,10004
030961123,10004
030961137,10004
030961141,10004
030961170,10004
030961172,10004
030961214,10004
030961217,10004
030961218,10004
030961219,10004
030961221,10004
030961228,10004
030961262,10004
030961264,10004
030961274,10004
030961276,10004
030961287,10004
030961303,10004
030961306,10004
030961309,10004
030961318,10004
030961325,10004
030961385,10004
030961392,10004
030961419,10004
030961425,10004
030961463,10004
030961509,10004
030961535,10004
030961548,10004
030961594,10004
030961613,10004
030961661,10004
030961691,10004
030961728,10004
030961735,10004
030961742,10004
030961759,10004
030961774,10004
030961821,10004
030961916,10004
030961958,10004
030962002,10004
030962009,10004
030962080,10004
030962085,10004
030962089,10004
030962109,10004
030962142,10004
030962666,10004
030962961,10004
030962965,10004
030962987,10004
030963005,10004
030963060,10004
030964327,10004
030964396,10004
030964415,10004
030964469,10004
030964526,10004
030964554,10004
030964555,10004
030964616,10004
030964655,10004
030964695,10004
030964710,10004
030964724,10004
030964769,10004
030964770,10004
030964774,10004
030964779,10004
030964842,10004
030964864,10004
030964867,10004
030964868,10004
030964871,10004
030964902,10004
030964905,10004
030964912,10004
030964982,10004
030964988,10004
030965041,10004
030965070,10004
030965083,10004
030965120,10004
030965139,10004
030965155,10004
030965185,10004
030965261,10004
030965278,10004
030965288,10004
030965290,10004
030965312,10004
030965321,10004
030965324,10004
030965342,10004
030965365,10004
030965401,10004
030965424,10004
030965433,10004
030965441,10004
030965444,10004
030965559,10004
030965578,10004
030965583,10004
030965584,10004
030965616,10004
030965659,10004
030965679,10004
030965680,10004
030965687,10004
030965689,10004
030965721,10004
030965732,10004
030965748,10004
030965764,10004
030965788,10004
030965801,10004
030965806,10004
030965811,10004
030965818,10004
030965839,10004
030965882,10004
030965892,10004
030965898,10004
030965929,10004
030965935,10004
030965958,10004
030966045,10004
030966051,10004
030966076,10004
030966082,10004
030966107,10004
030966129,10004
030966138,10004
030966141,10004
030966147,10004
030966154,10004
030966156,10004
030966168,10004
030966180,10004
030966189,10004
030966192,10004
030966200,10004
030966201,10004
030966208,10004
030966221,10004
030966238,10004
030966278,10004
030966303,10004
030966350,10004
030966362,10004
030966373,10004
030966381,10004
030966383,10004
030966406,10004
030966409,10004
030966419,10004
030966430,10004
030966470,10004
030966489,10004
030966525,10004
030966538,10004
030966544,10004
030966560,10004
030966561,10004
030966569,10004
030966598,10004
030966610,10004
030966653,10004
030966663,10004
030966678,10004
030966682,10004
030966706,10004
030966707,10004
030966709,10004
030966710,10004
030966771,10004
030966797,10004
030966810,10004
030966813,10004
030966851,10004
030966873,10004
030966906,10004
030966911,10004
030966947,10004
030966961,10004
030966975,10004
030966980,10004
030966984,10004
030967016,10004
030967047,10004
030967070,10004
030967077,10004
030967084,10004
030967113,10004
030967115,10004
030967129,10004
030967139,10004
030967141,10004
030967144,10004
030967152,10004
030967153,10004
030967165,10004
030967188,10004
030967192,10004
030967213,10004
030967246,10004
030967256,10004
030967259,10004
030967286,10004
030967371,10004
030967377,10004
030967393,10004
030967409,10004
030967411,10004
030967413,10004
030967433,10004
030967434,10004
030967443,10004
030967444,10004
030967470,10004
030967472,10004
030967476,10004
030967486,10004
030967494,10004
030967530,10004
030967532,10004
030967541,10004
030967558,10004
030967562,10004
030967564,10004
030967568,10004
030967575,10004
030967578,10004
030967590,10004
030967600,10004
030967641,10004
030967642,10004
030967654,10004
030967677,10004
030967682,10004
030967685,10004
030967722,10004
030967730,10004
030967766,10004
030967769,10004
030967788,10004
030967794,10004
030967798,10004
030967815,10004
030967826,10004
030967841,10004
030967879,10004
030967884,10004
030967915,10004
030967939,10004
030967945,10004
030967968,10004
030967971,10004
030968034,10004
030968049,10004
030968087,10004
030968091,10004
030968126,10004
030968127,10004
030968142,10004
030968172,10004
030968189,10004
030968196,10004
030968205,10004
030968206,10004
030968212,10004
030968217,10004
030968258,10004
030968269,10004
030968292,10004
030968319,10004
030968364,10004
030968423,10004
030968432,10004
030968450,10004
030968470,10004
030968493,10004
030968515,10004
030968517,10004
030968527,10004
030968542,10004
030968580,10004
030968593,10004
030968608,10004
030968619,10004
030968699,10004
030968727,10004
030968769,10004
030968776,10004
030968796,10004
030968849,10004
030968850,10004
030968891,10004
030968898,10004
030968916,10004
030968969,10004
030968998,10004
030970131,10004
030970143,10004
030970355,10004
030970357,10004
030970375,10004
030970400,10004
030970408,10004
030970409,10004
030970486,10004
030970496,10004
030970500,10004
030970507,10004
030970552,10004
030970577,10004
030970606,10004
030970647,10004
030970654,10004
030970664,10004
030970693,10004
030970702,10004
030970724,10004
030970737,10004
030970756,10004
030970765,10004
030970770,10004
030970787,10004
030970798,10004
030970800,10004
030970949,10004
030970950,10004
030970952,10004
030970999,10004
030971000,10004
030971069,10004
030971079,10004
030971083,10004
030971090,10004
030971113,10004
030971123,10004
030971134,10004
030971170,10004
030971216,10004
030971239,10004
030971250,10004
030971267,10004
030971286,10004
030971295,10004
030971299,10004
030971304,10004
030971326,10004
030971355,10004
030971358,10004
030971372,10004
030971396,10004
030971441,10004
030971444,10004
030971461,10004
030971475,10004
030971493,10004
030971511,10004
030971513,10004
030971562,10004
030971571,10004
030971580,10004
030971606,10004
030971607,10004
030971632,10004
030971683,10004
030971692,10004
030971696,10004
030971704,10004
030971731,10004
030971735,10004
030971745,10004
030971767,10004
030971790,10004
030971795,10004
030971879,10004
030971894,10004
030971911,10004
030971922,10004
030971944,10004
030971962,10004
030971964,10004
030971971,10004
030971987,10004
030971998,10004
030972012,10004
030972014,10004
030972019,10004
030972022,10004
030972075,10004
030972076,10004
030972089,10004
030972124,10004
030972159,10004
030972178,10004
030972181,10004
030972183,10004
030972264,10004
030972265,10004
030972270,10004
030972272,10004
030972309,10004
030972344,10004
030972383,10004
030972391,10004
030972392,10004
030972413,10004
030972427,10004
030972436,10004
030972438,10004
030972445,10004
030972448,10004
030972456,10004
030972459,10004
030972468,10004
030972476,10004
030972532,10004
030972569,10004
030972589,10004
030972591,10004
030972601,10004
030972635,10004
030972644,10004
030972650,10004
030972652,10004
030972672,10004
030972675,10004
030972693,10004
030972735,10004
030972755,10004
030972764,10004
030972776,10004
030972782,10004
030972788,10004
030972800,10004
030972806,10004
030972820,10004
030972829,10004
030972831,10004
030972835,10004
030972838,10004
030972847,10004
030972889,10004
030972896,10004
030972936,10004
030972939,10004
030972953,10004
030972958,10004
030973008,10004
030973009,10004
030973053,10004
030973055,10004
030973078,10004
030973112,10004
030973116,10004
030973124,10004
030973143,10004
030973149,10004
030973168,10004
030973177,10004
030973187,10004
030973219,10004
030973236,10004
030973262,10004
030973288,10004
030973291,10004
030973292,10004
030973305,10004
030973328,10004
030973337,10004
030973341,10004
030973362,10004
030973363,10004
030973392,10004
030973418,10004
030973428,10004
030973450,10004
030973491,10004
030973515,10004
030973554,10004
030973559,10004
030973564,10004
030973568,10004
030973569,10004
030973607,10004
030973635,10004
030973689,10004
030973750,10004
030973755,10004
030973762,10004
030973799,10004
030973811,10004
030973844,10004
030973863,10004
030973872,10004
030973886,10004
030973892,10004
030973895,10004
030973907,10004
030973933,10004
030973952,10004
030973953,10004
030973970,10004
030973985,10004
030973988,10004
030973996,10004
030974004,10004
030974025,10004
030974042,10004
030974044,10004
030974069,10004
030974083,10004
030974096,10004
030974110,10004
030974124,10004
030974144,10004
030974208,10004
030974254,10004
030974281,10004
030974297,10004
030974302,10004
030974311,10004
030974312,10004
030974318,10004
030974325,10004
030974337,10004
030974361,10004
030974370,10004
030974423,10004
030974446,10004
030974449,10004
030974463,10004
030974483,10004
030974530,10004
030974585,10004
030974629,10004
030974630,10004
030974647,10004
030974651,10004
030974680,10004
030974724,10004
030974736,10004
030974737,10004
030974756,10004
030974769,10004
030974787,10004
030974788,10004
030974800,10004
030974805,10004
030974829,10004
030974869,10004
030974903,10004
030974932,10004
030974937,10004
030974960,10004
030974976,10004
030975014,10004
030975053,10004
030975074,10004
030975094,10004
030975113,10004
030975128,10004
030977213,10004
030977237,10004
030977240,10004
030977256,10004
030977265,10004
030977343,10004
030977352,10004
030977443,10004
030977444,10004
030977456,10004
030977473,10004
030977494,10004
030977509,10004
030977551,10004
030977556,10004
030977581,10004
030977582,10004
030977594,10004
030977612,10004
030977685,10004
030977699,10004
030977711,10004
030977733,10004
030977751,10004
030977764,10004
030977797,10004
030977798,10004
030977884,10004
030977886,10004
030977887,10004
030977903,10004
030977904,10004
030977931,10004
030977934,10004
030977937,10004
030977941,10004
030977946,10004
030977958,10004
030977963,10004
030977966,10004
030977970,10004
030977979,10004
030977990,10004
030978007,10004
030978019,10004
030978021,10004
030978043,10004
030978092,10004
030978135,10004
030978152,10004
030978153,10004
030978155,10004
030978162,10004
030978167,10004
030978169,10004
030978206,10004
030978213,10004
030978226,10004
030978228,10004
030978234,10004
030978242,10004
030978250,10004
030978268,10004
030978301,10004
030978342,10004
030978343,10004
030978349,10004
030978386,10004
030978391,10004
030978410,10004
030978430,10004
030978447,10004
030978496,10004
030978515,10004
030978520,10004
030978531,10004
030978579,10004
030978584,10004
030978590,10004
030978598,10004
030978601,10004
030978623,10004
030978689,10004
030978715,10004
030978741,10004
030978748,10004
030978753,10004
030978761,10004
030978763,10004
030978802,10004
030978809,10004
030978812,10004
030978849,10004
030978858,10004
030978922,10004
030978935,10004
030978937,10004
030978953,10004
030978976,10004
030978991,10004
030978995,10004
030978997,10004
030979028,10004
030979068,10004
030979075,10004
030979118,10004
030979151,10004
030979205,10004
030979223,10004
030979233,10004
030979246,10004
030979255,10004
030979258,10004
030979265,10004
030979273,10004
030979279,10004
030979305,10004
030979334,10004
030979368,10004
030979393,10004
030979478,10004
030979484,10004
030979495,10004
030979508,10004
030979567,10004
030979625,10004
030979642,10004
030979650,10004
030979651,10004
030979659,10004
030979695,10004
030979743,10004
030979785,10004
030979809,10004
030979815,10004
030979858,10004
030979907,10004
030979943,10004
030979995,10004
030980022,10004
030980058,10004
030980103,10004
030980186,10004
030980188,10004
030980192,10004
030980195,10004
030980202,10004
030980222,10004
030980234,10004
030980277,10004
030980283,10004
030980284,10004
030980287,10004
030980294,10004
030980355,10004
030980370,10004
030980374,10004
030980375,10004
030980401,10004
030980404,10004
030980406,10004
030980420,10004
030980424,10004
030980428,10004
030980432,10004
030980466,10004
030980472,10004
030980474,10004
030980486,10004
030980501,10004
030980502,10004
030980536,10004
030980544,10004
030980654,10004
030980674,10004
030980694,10004
030980741,10004
030980778,10004
030980792,10004
030980799,10004
030980810,10004
030980827,10004
030980877,10004
030980882,10004
030980891,10004
030980902,10004
030981129,10004
030981141,10004
030981182,10004
030981284,10004
030981305,10004
030981351,10004
030981362,10004
030981450,10004
030981517,10004
030981527,10004
030981585,10004
030981602,10004
030981634,10004
030981640,10004
030981653,10004
030981659,10004
030981723,10004
030981760,10004
030981799,10004
030981801,10004
030981840,10004
030981860,10004
030981895,10004
030981897,10004
030981898,10004
030981912,10004
030981928,10004
030981935,10004
030981966,10004
030982080,10004
030982092,10004
030982112,10004
030982135,10004
030982147,10004
030982171,10004
030982177,10004
030982189,10004
030982206,10004
030982215,10004
030982260,10004
030982265,10004
030982268,10004
030982347,10004
030982359,10004
030982384,10004
030982393,10004
030982399,10004
030983572,10004
030983681,10004
030983688,10004
030983710,10004
030983724,10004
030983728,10004
030983732,10004
030983751,10004
030983753,10004
030983761,10004
030983769,10004
030983792,10004
030983814,10004
030983840,10004
030983853,10004
030983882,10004
030983933,10004
030983945,10004
030983965,10004
030983974,10004
030983977,10004
030983987,10004
030983999,10004
030984023,10004
030984040,10004
030984062,10004
030984064,10004
030984068,10004
030984070,10004
030984082,10004
030984099,10004
030984159,10004
030984172,10004
030984204,10004
030984249,10004
030984265,10004
030984266,10004
030984281,10004
030984283,10004
030984286,10004
030984297,10004
030984305,10004
030984317,10004
030984324,10004
030984342,10004
030984356,10004
030984376,10004
030984378,10004
030984382,10004
030984383,10004
030984384,10004
030984402,10004
030984412,10004
030984428,10004
030984440,10004
030984455,10004
030984486,10004
030984508,10004
030984520,10004
030984559,10004
030984576,10004
030984634,10004
030984635,10004
030984645,10004
030984729,10004
030984747,10004
030984778,10004
030984781,10004
030984789,10004
030984794,10004
030984798,10004
030984802,10004
030984805,10004
030984806,10004
030984821,10004
030984852,10004
030984855,10004
030984881,10004
030984912,10004
030984915,10004
030984917,10004
030984930,10004
030984960,10004
030984961,10004
030984964,10004
030984984,10004
030984985,10004
030984986,10004
030985016,10004
030985024,10004
030985027,10004
030985113,10004
030985114,10004
030985126,10004
030985132,10004
030985139,10004
030985178,10004
030985197,10004
030985251,10004
030985266,10004
030985342,10004
030985347,10004
030985389,10004
030985394,10004
030985406,10004
030985418,10004
030985458,10004
030985489,10004
030985499,10004
030985505,10004
030985511,10004
030985549,10004
030985572,10004
030985583,10004
030985595,10004
030985624,10004
030985700,10004
030985713,10004
030985723,10004
030985729,10004
030985738,10004
030985745,10004
030985749,10004
030985758,10004
030985764,10004
030985802,10004
030985833,10004
030985834,10004
030985838,10004
030985840,10004
030985853,10004
030985861,10004
030985870,10004
030985878,10004
030985895,10004
030985926,10004
030985938,10004
030985940,10004
030985943,10004
030985965,10004
030985970,10004
030985981,10004
030985986,10004
030985990,10004
030985992,10004
030986007,10004
030986019,10004
030986037,10004
030986069,10004
030986084,10004
030986128,10004
030986140,10004
030986177,10004
030986191,10004
030986193,10004
030986200,10004
030986202,10004
030986204,10004
030986215,10004
030986223,10004
030986250,10004
030986267,10004
030986291,10004
030986293,10004
030986302,10004
030986375,10004
030986389,10004
030986401,10004
030986413,10004
030986414,10004
030986417,10004
030986450,10004
030986480,10004
030986486,10004
030986502,10004
030986506,10004
030986520,10004
030986522,10004
030986566,10004
030986582,10004
030986583,10004
030986595,10004
030986629,10004
030986644,10004
030986648,10004
030986652,10004
030986703,10004
030986722,10004
030986744,10004
030986750,10004
030986811,10004
030986812,10004
030986815,10004
030986829,10004
030986859,10004
030986867,10004
030986895,10004
030986899,10004
030986903,10004
030986914,10004
030986919,10004
030986926,10004
030986943,10004
030986944,10004
030986966,10004
030987018,10004
030987027,10004
030987031,10004
030987063,10004
030987082,10004
030987120,10004
030987121,10004
030987122,10004
030987130,10004
030987132,10004
030987158,10004
030987186,10004
030987209,10004
030987234,10004
030987235,10004
030987238,10004
030987268,10004
030987276,10004
030987328,10004
030987333,10004
030987354,10004
030987366,10004
030987369,10004
030987380,10004
030987381,10004
030987394,10004
030987399,10004
030987401,10004
030987402,10004
030987408,10004
030987427,10004
030987439,10004
030987471,10004
030987473,10004
030987486,10004
030987496,10004
030987498,10004
030987513,10004
030987514,10004
030987539,10004
030987546,10004
030987556,10004
030987572,10004
030987587,10004
030987593,10004
030987602,10004
030987608,10004
030987616,10004
030987617,10004
030987631,10004
030987638,10004
030987639,10004
030987649,10004
030987655,10004
030987659,10004
030987695,10004
030987703,10004
030987710,10004
030987717,10004
030987736,10004
030987749,10004
030987752,10004
030987757,10004
030987768,10004
030987769,10004
030987786,10004
030987787,10004
030987792,10004
030987795,10004
030987808,10004
030987846,10004
030987847,10004
030987860,10004
030987861,10004
030987875,10004
030987877,10004
030987885,10004
030987904,10004
030987919,10004
030987921,10004
030987924,10004
030987928,10004
030987944,10004
030987963,10004
030987968,10004
030987976,10004
030987991,10004
030987992,10004
030987993,10004
030987998,10004
030988003,10004
030988023,10004
030988049,10004
030988112,10004
030988146,10004
030988177,10004
030988181,10004
030988230,10004
030988239,10004
030988251,10004
030988254,10004
030988312,10004
030988313,10004
030988315,10004
030988319,10004
030988325,10004
030988334,10004
030988346,10004
030988362,10004
030988363,10004
030988373,10004
030988381,10004
030988388,10004
030988407,10004
030988422,10004
030988439,10004
030988445,10004
030988455,10004
030988466,10004
030988476,10004
030988477,10004
030988479,10004
030988499,10004
030988505,10004
030988514,10004
030988543,10004
030988546,10004
030988555,10004
030988568,10004
030988571,10004
030988578,10004
030988621,10004
030988658,10004
030988661,10004
030988681,10004
030988695,10004
030988739,10004
030988776,10004
030988812,10004
030988814,10004
030988828,10004
030988830,10004
030988834,10004
030988847,10004
030988859,10004
030988864,10004
030988868,10004
030988891,10004
030988896,10004
030988917,10004
030988928,10004
030988961,10004
030989005,10004
030989008,10004
030989027,10004
030989036,10004
030989061,10004
030989094,10004
030989098,10004
030989105,10004
030989177,10004
030989199,10004
030989224,10004
030989234,10004
030989241,10004
030989276,10004
030989283,10004
030989293,10004
030989299,10004
030989317,10004
030989328,10004
030989367,10004
030989426,10004
030989438,10004
030989487,10004
030989505,10004
030989514,10004
030989524,10004
030989614,10004
030989620,10004
030989629,10004
030989632,10004
030989660,10004
030989698,10004
030989712,10004
030989734,10004
030989767,10004
030989775,10004
030989780,10004
030989784,10004
030989790,10004
030989800,10004
030989831,10004
030989846,10004
030989848,10004
030989861,10004
030989883,10004
030989894,10004
030989900,10004
030989906,10004
030989922,10004
030989924,10004
030989925,10004
030989926,10004
030989928,10004
030989982,10004
030989983,10004
030990005,10004
030990012,10004
030990016,10004
030990020,10004
030990033,10004
030991081,10004
030991085,10004
030991094,10004
030991133,10004
030991147,10004
044647717,10004
044652067,10004
044655945,10004
044655949,10004
044655950,10004
044655961,10004
044655962,10004
044655965,10004
044655970,10004
044655979,10004
044655985,10004
044655994,10004
044655999,10004
044656002,10004
044656008,10004
044656011,10004
044656018,10004
044656019,10004
044656020,10004
044656029,10004
044656030,10004
044656033,10004
044656037,10004
044656038,10004
044656039,10004
044656057,10004
044656071,10004
044656074,10004
044656080,10004
044656084,10004
044656088,10004
044656089,10004
044656091,10004
044656098,10004
044656100,10004
044656115,10004
044656123,10004
044656128,10004
044656132,10004
044656133,10004
044656134,10004
044656137,10004
044656142,10004
044656144,10004
044656146,10004
044656149,10004
044656154,10004
044656159,10004
044656163,10004
044656164,10004
044656167,10004
044656172,10004
044656176,10004
044656179,10004
044656186,10004
044656191,10004
044656197,10004
044656198,10004
044656201,10004
044656209,10004
044656210,10004
044656216,10004
044656229,10004
044656233,10004
044656241,10004
044656242,10004
044656247,10004
044656249,10004
044656254,10004
044656257,10004
044656261,10004
044656268,10004
044656274,10004
044656275,10004
044656277,10004
044656282,10004
044656288,10004
044656292,10004
044656298,10004
044656304,10004
044656314,10004
044656315,10004
044656320,10004
044656330,10004
044656333,10004
044656342,10004
044656345,10004
044656348,10004
044656350,10004
044656352,10004
044656359,10004
044656364,10004
044656367,10004
044656370,10004
044656371,10004
044656375,10004
044656382,10004
044656390,10004
044656395,10004
044656398,10004
044656400,10004
044656407,10004
044656423,10004
044656429,10004
044656435,10004
044656440,10004
044656442,10004
044656447,10004
044656454,10004
044656457,10004
044656459,10004
044656462,10004
044656475,10004
044656479,10004
044656485,10004
044656486,10004
044656499,10004
044656512,10004
044656513,10004
044656522,10004
044656550,10004
044656553,10004
044656562,10004
044656566,10004
044708591,10004
044708595,10004
044708597,10004
044708598,10004
044708601,10004
044708604,10004
044708606,10004
044708610,10004
044708616,10004
044708619,10004
044708621,10004
044708643,10004
044708644,10004
044708648,10004
044708656,10004
044708658,10004
044708660,10004
044708663,10004
044708665,10004
044708677,10004
044708678,10004
044708691,10004
044708703,10004
044708712,10004
044708714,10004
044708719,10004
044708726,10004
044708730,10004
044708736,10004
044708744,10004
044708749,10004
044708754,10004
044708763,10004
044708767,10004
044708783,10004
044708786,10004
044708804,10004
044708810,10004
044708812,10004
044708816,10004
044708817,10004
044708829,10004
044708832,10004
044708841,10004
044708850,10004
044708852,10004
044708857,10004
044708866,10004
044708875,10004
044708879,10004
044708887,10004
044708890,10004
044708894,10004
044708914,10004
044708918,10004
044708924,10004
044708925,10004
044708930,10004
044708942,10004
044708944,10004
044708952,10004
044708963,10004
044708965,10004
044708967,10004
044708977,10004
044709000,10004
044709003,10004
044709004,10004
044709010,10004
044709014,10004
044709015,10004
044709025,10004
044709036,10004
044709045,10004
044709064,10004
044709068,10004
044709071,10004
044709073,10004
044709077,10004
044709099,10004
044709100,10004
044709103,10004
044709104,10004
044709107,10004
044709118,10004
044709119,10004
044709124,10004
044709144,10004
044709145,10004
044709150,10004
044709164,10004
044709167,10004
044709180,10004
044709182,10004
044709187,10004
044709191,10004
044709197,10004
044709199,10004
044709217,10004
044709222,10004
044709225,10004
044709226,10004
044709232,10004
044709245,10004
044709251,10004
044709256,10004
044709271,10004
044709273,10004
044709275,10004
044709278,10004
044709296,10004
044709298,10004
044709310,10004
044709316,10004
044709320,10004
044709321,10004
044709333,10004
044709353,10004
044709356,10004
044709360,10004
044709364,10004
044709365,10004
044709367,10004
044709369,10004
044709375,10004
044709378,10004
044709392,10004
044709406,10004
044709423,10004
044709425,10004
044709430,10004
044709438,10004
044709439,10004
044709448,10004
044709453,10004
044709455,10004
044709457,10004
044709465,10004
044709475,10004
044709477,10004
044709484,10004
044709510,10004
044709514,10004
044709515,10004
044709526,10004
044709535,10004
044709540,10004
044709545,10004
044709548,10004
044709555,10004
044709574,10004
044709576,10004
044709579,10004
044709583,10004
044709603,10004
044709605,10004
044709610,10004
044709611,10004
044709615,10004
044709621,10004
044709622,10004
044709629,10004
044709644,10004
044709653,10004
044709669,10004
044709674,10004
044709679,10004
044709687,10004
044709695,10004
044709697,10004
044709702,10004
044709712,10004
044709719,10004
044709724,10004
044709730,10004
044709731,10004
044709747,10004
044709752,10004
044709756,10004
044709775,10004
044709786,10004
044709790,10004
044709801,10004
044709804,10004
044709818,10004
044709823,10004
044709824,10004
044709847,10004
044709865,10004
044709871,10004
044709873,10004
044709885,10004
044709900,10004
044709912,10004
044709926,10004
044709944,10004
044709973,10004
044709975,10004
044710014,10004
