CLAIMORDER,CLAIMNUMBER
1,016448114
1,016446241
1,016446242
1,016448671
1,016463220
1,016461182
1,016722435
1,016874090
1,016463206
1,016446282
1,016448669
1,016509718
1,016457045
1,017084388
1,016583557
1,016463222
1,016463226
1,016461202
1,016474643
1,016462284
1,016462752
1,016462758
1,016486204
1,016583292
1,016866295
1,016460869
1,012007733
1,016460882
1,016462974
1,016463079
1,016463068
1,016463080
1,016475469
1,016474442
1,016475628
1,016475630
1,016475618
1,016476730
1,016475892
1,017094581
1,016475878
1,016477062
1,016190256
1,016477052
1,016485039
1,016499577
1,016509440
1,016509445
1,016509434
1,016509446
1,016512537
1,016512542
1,016512636
1,016512623
1,016512630
1,016512619
1,016734825
1,016512635
1,016512638
1,016582863
1,016510590
1,016509706
1,016509707
1,016959288
1,016992829
1,016957528
1,016958528
1,016972764
1,016973933
1,016973957
1,016973949
1,016974038
1,016974041
1,016982320
1,016982315
1,016983512
1,016983496
1,016984078
1,016984061
1,016994986
1,016996097
1,016996442
1,017007454
1,017018270
1,017020385
1,017018357
1,016661519
1,017018346
1,017021497
1,017018704
1,017018713
1,017021809
1,017019795
1,017019803
1,017020947
1,017020972
1,016674912
1,017020944
1,017029582
1,017072799
1,017031645
1,016605447
1,017031657
1,017030606
1,017030619
1,017028727
1,017045790
1,016660822
1,017062173
1,017091956
1,017063233
1,017062258
1,017060298
1,016724385
1,017060284
1,017060277
1,017064113
1,017064128
1,017062021
1,017071549
1,017071526
1,017073791
1,017072797
1,017072801
1,016270085
1,017072802
1,017074845
1,017074863
1,017071880
1,017071870
1,017071871
1,017082995
1,017084076
1,017083164
1,017083160
1,017082175
1,017084241
1,017084255
1,017082251
1,017084347
1,017116685
1,017083307
1,017083310
1,016608333
1,017082412
1,017082430
1,017085432
1,017082498
1,017092074
1,017092087
1,017092055
1,017092355
1,017094589
1,017092627
1,017101045
1,017119618
1,017117554
1,017118588
1,016713055
1,016712831
1,016712813
1,016721342
1,015607488
1,016724372
1,016722443
1,016737992
1,016750071
1,016750088
1,016519437
1,016516610
1,016516621
1,016516924
1,016516932
1,016518182
1,016519334
1,016519325
1,016524575
1,016531251
1,016531565
1,016542208
1,016541438
1,016553480
1,016551443
1,016551449
1,016553957
1,016553959
1,016553060
1,016562456
1,016562468
1,016560456
1,016575815
1,016576185
1,016573253
1,021016831
1,021002493
1,021007614
1,021016832
1,021016833
1,016573256
1,016583127
1,016583147
1,016584148
1,016584136
1,016584158
1,016584153
1,016581557
1,016581558
1,016581774
1,016581776
1,002151424
1,016618536
1,002153115
1,016675848
1,008178580
1,008404084
1,013828902
1,014405167
1,014420770
1,014514230
1,014809510
1,015042225
1,015069331
1,015208914
1,015228360
1,015859405
1,015958345
1,016006497
1,016072837
1,016108506
1,016121795
1,016137793
1,016155289
1,016179910
1,016245825
1,016260010
1,016338279
1,016582865
1,016594771
1,016597218
1,016596197
1,016605469
1,016606025
1,016609379
1,016608332
1,016619935
1,016619949
1,016619955
1,016631081
1,016631083
1,016631261
1,016631392
1,016631370
1,016632616
1,016632609
1,016633619
1,016633608
1,016634651
1,016644440
1,016644433
1,016661819
1,016662863
1,016660807
1,016663141
1,016663095
1,016661025
1,016661017
1,016663661
1,016661511
1,016661593
1,016675347
1,016702825
1,016675351
1,016674411
1,016677430
1,016677547
1,016677535
1,016677697
1,016677675
1,016675860
1,016676854
1,016677978
1,016677952
1,016677946
1,016690207
1,016691235
1,016702845
1,016702816
1,016866306
1,016865283
1,016866329
1,016876853
1,016874853
1,016876023
1,016348959
1,016366549
1,016390748
1,016390236
1,016419275
1,016416692
1,016418719
1,016418830
1,016429497
1,016446718
1,016783729
1,016796992
1,016840525
1,016846081
1,016856585
1,016856706
1,017552845
1,017572583
1,017150817
1,017164748
1,017166166
1,017163160
1,017352950
1,017373631
1,017178401
1,017203827
1,017203804
1,017231457
1,017257935
1,017267132
1,017282363
1,017283260
1,017294704
1,017599053
1,017612651
1,017624141
1,017658054
1,017668255
1,017696838
1,017710492
1,017715675
1,017756748
1,017756726
1,017754759
1,017753750
1,017773771
1,017780405
1,017795608
1,017795062
1,017798231
1,017809694
1,017839487
1,017840794
1,017854337
1,017866684
1,017879422
1,017880295
1,017897894
1,017896101
1,017917257
1,017916463
1,016784034
1,016874127
1,016874128
1,016903078
1,016901210
1,016903183
1,016903179
1,016909834
1,016918291
1,016915609
1,016929202
1,017626014
1,017668265
1,016929287
1,017866136
1,016929610
1,017359456
1,016949654
1,017623886
1,016949665
1,016948844
1,016949939
1,016947079
1,016764462
1,016378778
1,016390712
1,016390747
1,016390191
1,016390183
1,016390282
1,016391367
1,016764456
1,016840545
1,017833370
1,016403927
1,016405384
1,016762701
1,016418707
1,016419706
1,016418852
1,016417784
1,016417770
1,016446711
1,016764452
1,016764454
1,016762699
1,016762710
1,016762700
1,017330201
1,017684418
1,017909266
1,016763824
1,016764923
1,017826671
1,016765109
1,016773791
1,016773804
1,016784043
1,016784044
1,017383703
1,016787109
1,016784138
1,016787373
1,016787362
1,016787357
1,016787359
1,016796984
1,017295335
1,016807332
1,016815457
1,016825176
1,016825173
1,016835073
1,016840519
1,016838470
1,016838499
1,016846090
1,016856692
1,016854041
1,016854057
1,016866567
1,017741229
1,016866598
1,016863768
1,016863757
1,017664666
1,017570113
1,017570124
1,017835479
1,017570746
1,017122631
1,017121878
1,017121894
1,017138401
1,017138392
1,017138406
1,017138671
1,017150323
1,017164640
1,017164742
1,017164735
1,017164751
1,017163735
1,017163843
1,017163890
1,017626404
1,017164893
1,017163180
1,017240511
1,017658029
1,017175824
1,017177109
1,017178197
1,017179343
1,017329869
1,017330213
1,017345054
1,017345206
1,017346790
1,017854323
1,017352964
1,017358071
1,017358072
1,017361115
1,017216898
1,017366280
1,017284835
1,017372028
1,017372029
1,017372129
1,017372133
1,017374110
1,017373233
1,017374195
1,017383702
1,017374183
1,017373276
1,017179352
1,017176773
1,017176777
1,017189598
1,017190800
1,017192055
1,017203600
1,017202750
1,017202310
1,017215059
1,017216061
1,017216665
1,017231461
1,017231467
1,017239711
1,017239695
1,017251578
1,017251575
1,017251591
1,017270782
1,017282382
1,017284573
1,017281515
1,017281791
1,017284834
1,017282106
1,017282107
1,017283251
1,017283243
1,017285224
1,017294686
1,017295759
1,017295347
1,017296470
1,017833379
1,017296476
1,017296454
1,017296520
1,017311252
1,017310757
1,017579255
1,017579258
1,017580446
1,017579567
1,017586779
1,017586872
1,017598947
1,017598451
1,017598445
1,017612231
1,017612598
1,017612655
1,017612645
1,017613914
1,017626392
1,017625862
1,017623875
1,017626117
1,017116689
1,017122640
1,017656739
1,017658028
1,017658051
1,017662625
1,017664675
1,017669389
1,017668517
1,017668525
1,017669738
1,017669846
1,017671284
1,017668234
1,017681852
1,017681914
1,017689902
1,017689904
1,017689922
1,017698249
1,017697820
1,017695899
1,017709926
1,017715669
1,017715661
1,017723140
1,017722339
1,017722342
1,017729839
1,017740261
1,017740256
1,017741227
1,017741207
1,017741211
1,017880299
1,017740567
1,017747254
1,017747225
1,017750861
1,017750858
1,017749935
1,017795601
1,017762651
1,017772398
1,017772381
1,017783269
1,017797467
1,017794601
1,017794768
1,017798064
1,017795049
1,017804578
1,017806613
1,017879599
1,017828086
1,017828378
1,017827806
1,017827825
1,017827823
1,017827808
1,017833377
1,017837342
1,017837345
1,017839479
1,017840781
1,017854917
1,017866133
1,017866488
1,017866476
1,017866480
1,017869921
1,017879615
1,017879611
1,017879579
1,017880674
1,017880675
1,017896093
1,017898557
1,017898550
1,017909272
1,017908380
1,017908365
1,017916430
1,017916450
1,017916461
1,017916517
1,017921573
1,017924253
1,017921202
1,017385035
1,017394000
1,017394019
1,017394166
1,017394621
1,017419854
1,017431889
1,017437425
1,017435396
1,017437594
1,017437807
1,017443216
1,017446515
1,017467105
1,017489430
1,017490698
1,017504279
1,017504263
1,017516253
1,017528408
1,017530812
1,017531011
1,017554899
1,017552833
1,017638710
1,017656472
1,017936755
1,017950822
1,017959554
1,017972536
1,018005582
1,018012669
1,018013038
1,018026297
1,018025430
1,018025431
1,018092089
1,018106332
1,018106322
1,018122273
1,018122362
1,018136427
1,018134334
1,018135433
1,018136661
1,018136756
1,018133615
1,018135057
1,018135047
1,018151105
1,018163212
1,018168369
1,018167314
1,018169005
1,018168001
1,018168004
1,018406260
1,018406268
1,018406256
1,018411024
1,018246045
1,018246150
1,018260902
1,018270491
1,018272712
1,018276088
1,018276098
1,018275501
1,018432557
1,018431896
2,018431896
1,018431968
1,018446580
1,018446590
1,018443889
1,018458256
1,018459331
1,018459490
1,018460438
1,018460593
1,018458849
1,018176467
1,018195865
1,018196261
1,018213518
1,018212976
1,018212982
1,018221640
1,018221654
1,018238152
1,018235247
1,018238655
1,018023458
1,018023459
1,018035569
1,018050828
1,018050059
1,018050073
1,018050054
1,018058925
1,018060019
1,018085537
1,018090625
1,018358285
1,018358279
1,018358294
1,018358306
1,018372139
1,018372132
1,018370240
1,018372605
1,018380113
1,018393096
1,018393104
1,018403970
1,018403979
1,018404197
1,018404202
1,018470377
1,018470365
1,018479710
1,018501376
1,018501653
1,018502787
1,018514319
1,018514339
1,018514326
1,018515356
1,018516661
1,018516672
1,018516665
1,018513892
1,018527951
1,018537769
1,018576752
1,018582846
1,018585926
1,018585931
1,018586105
1,018586338
1,018583334
1,018583450
1,018593034
1,018593048
1,018596444
1,018599590
1,018599615
1,018596677
1,018611819
1,018610279
1,018301274
1,018300582
1,018302760
1,018303183
1,018313677
1,018313680
1,018313704
1,018313689
1,018329933
1,018331990
1,018329974
1,018331302
1,018332533
1,018332611
1,018331608
1,018331615
1,018330589
1,018344183
1,018345330
1,018345320
1,018343358
1,018343349
1,018343362
1,018343558
1,018343549
1,018343566
1,018344851
1,018357610
1,018356721
1,018358045
1,018637659
1,018635704
1,017916485
1,017923638
1,017923639
1,017921204
1,018238146
1,017921205
1,017950088
1,017383718
1,017383929
1,017422400
1,018470362
1,017383924
1,017385027
1,017382004
1,018176475
1,017394014
1,017393026
1,017394092
1,017393066
1,018272661
1,017393067
1,017637670
1,017394176
1,017394207
1,018372509
1,017393381
1,017392578
1,017421520
1,017431872
1,017433984
1,018276087
1,017437439
1,017445238
1,017445231
1,018513899
1,017446516
1,018090519
1,017455539
1,017466631
1,017468054
1,017467326
1,017466485
1,017490233
1,017490680
1,018577807
1,017490676
1,018304097
1,017490677
1,017490681
1,017515827
1,017489043
1,017501824
1,017504284
1,017510712
1,018371440
1,017510714
1,017515965
1,017516236
1,017516245
1,017541942
1,018048738
1,017554900
1,017554901
1,017554905
1,017552824
1,017624252
1,017638709
1,018304166
1,017656474
1,017656495
1,017934375
1,017934363
1,017949660
1,017950826
1,018404195
1,017950881
1,017962503
1,017959558
1,018184154
1,017959792
1,017998015
1,018007737
1,018007734
1,018011407
1,018012670
1,018331600
1,018023042
1,018623310
1,018090684
1,018090670
1,018098480
1,018098482
1,018273234
1,018101518
1,018107314
1,018105425
1,018106430
1,018121310
1,018135439
1,018133619
1,018136052
1,018136045
1,018149019
1,018167143
1,018330456
1,018167330
1,018443871
1,018167959
1,018167983
1,018167970
1,018167972
1,018174343
1,018177378
1,018177400
1,018404246
1,018411017
1,018300606
1,018419350
1,018419351
1,018238671
1,018238667
1,018247357
1,018300587
1,018247341
1,018247378
1,018258296
1,018255534
1,018255547
1,018270484
1,018270659
1,018272777
1,018515347
1,018339079
1,018273233
1,018288947
1,018287930
1,018287407
1,018431895
1,018444347
1,018460300
1,018459511
1,018460420
1,018459662
1,018458861
1,018177387
1,018176371
1,018177464
1,018181925
1,018184144
1,018195867
1,018195861
1,018196265
1,018196268
1,018211483
1,018221644
1,018596655
1,018221678
1,018238145
1,018238149
1,018300601
1,018235239
1,018235249
1,018610481
1,018238652
1,018023470
1,018050811
1,018058948
1,018058938
1,018618779
1,018058946
1,018090654
1,018060014
1,018077673
1,018077667
1,018561863
1,018076696
1,018076689
1,018076702
1,018076691
1,018358287
1,018358302
1,018369838
1,018372120
1,018372130
1,018372135
1,018371188
1,018638146
1,018371182
1,018371186
1,018370245
1,018370235
1,018331996
1,018380100
1,018380103
1,018301271
1,018392683
1,018391757
1,018393100
1,018393105
1,018405981
1,018406218
1,018406204
1,018404194
1,018404191
1,018458850
1,018495879
1,018497173
1,018497157
1,018501404
1,018508207
1,018514329
1,018514341
1,018513880
1,018513891
1,018513910
1,018537759
1,018537768
1,018539132
1,018539133
1,018541260
1,018539183
1,018559251
1,018559239
1,018569717
1,018579943
1,018579945
1,018577145
1,018582829
1,018583956
1,018584968
1,018586177
1,018586327
1,018583396
1,018593040
1,018593047
1,018599620
1,018598654
1,018596666
1,018597839
1,018612527
1,018612510
2,018612510
1,018610482
1,018609982
1,018610111
1,018610113
1,018613229
1,018620760
1,018626026
1,018626019
1,018290527
1,018301285
1,018300572
1,018303723
1,018303710
1,018302726
1,018302729
1,018302725
1,018302731
1,018303121
1,018304108
1,018303173
1,018304173
1,018313675
1,018325797
1,018325888
1,018329929
1,018329940
1,018329982
1,018331305
1,018332327
1,018332340
1,018345334
1,018332328
1,018331491
1,018330452
1,018330517
1,018330505
1,018330522
1,018330508
1,018332604
1,018331603
1,018339084
1,018340100
1,018346234
1,018345318
1,018345339
1,018638149
1,018636115
1,018636103
1,018637119
1,018638687
1,018637639
1,018635700
1,018648069
1,018659603
1,018662099
1,018660375
1,018671971
1,018671985
1,018671973
1,018713055
1,018713121
1,018713110
1,018713136
1,018715274
1,018714320
1,018732545
1,018732750
1,018729824
1,018729831
1,018737589
1,018737666
1,018739650
1,018736917
1,018736902
1,018739765
1,018739766
1,018737987
1,018746025
1,018759335
1,018757527
1,018756575
1,018756585
1,018766110
1,018772879
1,018785544
1,018782957
1,018807044
1,018807055
1,019166403
1,019172839
1,019179774
1,019179770
1,019179772
1,019180793
1,019180800
1,019180915
1,019180916
1,019180919
1,019193316
1,019192450
1,019193557
1,018884057
1,018884054
1,018896189
1,018899297
1,018807071
1,018808053
1,018814551
1,018815819
1,018816874
1,018817188
1,018830614
1,018828088
1,018830187
1,018830229
1,018830353
1,018830354
1,018836794
1,018836791
1,018836793
1,018842001
1,018841979
1,018842000
1,018843147
1,018843411
1,018844312
1,018844304
1,018844343
1,018842639
1,018857210
1,018857587
1,018857741
1,018869025
1,018883918
1,018883910
1,019168041
1,019166929
1,019167277
1,018675922
1,018674783
1,018672682
1,018673811
1,018688784
1,018693771
1,018695673
1,018694853
1,018695936
1,018698671
1,018700784
1,018699013
1,018698998
1,018715033
1,018714049
1,018713029
1,018713050
1,019061233
1,019061247
1,019058351
1,019058357
1,019067499
1,019069813
1,019069990
1,019077498
1,019076576
1,019076578
1,019078913
1,019078914
1,019077025
1,019084612
1,019092798
1,019092790
2,019092790
1,019090958
1,019097272
1,019095165
1,019096240
1,019098298
1,019098312
1,019095334
1,019098709
1,019109552
1,019109553
1,019110645
1,019112128
1,019112124
1,019112126
1,019139938
1,019139221
1,019139708
1,019146508
1,019152212
1,019152297
1,019152288
1,019152290
1,019151397
1,019151389
1,019152853
1,019152029
1,019167923
1,019192852
1,019193910
1,019193923
1,019190949
1,019206652
1,019206649
1,019219923
1,019223859
1,019225983
1,019226005
1,019224201
1,019226739
1,019226716
1,019226726
1,019232482
1,019231539
1,019238534
1,019241115
1,019241118
1,019251348
1,019277385
1,019279985
1,019278980
1,018899298
1,018899647
1,018898660
1,018912217
1,018926892
1,018926889
1,018927235
1,018941838
1,018941988
1,018940852
1,018940845
1,018940868
1,018939882
1,018939891
1,018946595
1,018955852
1,018955854
1,018953063
1,018953067
1,018953399
1,018969953
1,018969966
1,018971271
1,018971263
1,018971273
1,018971277
1,018969349
1,018969361
1,018971743
1,018971754
1,018981677
1,018981680
1,018980723
1,018980713
1,018979658
1,018979666
1,018981800
1,018980865
1,019000667
1,018993334
1,019020777
1,019034385
1,019032372
1,019032898
1,019032884
1,019033054
1,019049564
1,019049581
1,019049571
1,019054869
1,019054860
1,019056891
1,019281088
1,019279071
1,019279081
1,019294826
1,019294820
1,019313990
1,019314173
1,019321267
1,019320507
1,019320943
1,019320962
1,019320936
1,019321908
1,019322065
1,019322046
1,019327393
1,019329378
1,019329374
1,019329389
1,019348416
1,019347519
1,019353045
1,019353969
1,019360593
1,019359541
1,019360666
1,019359594
1,019360859
1,019374421
1,019383680
1,019441589
1,019441577
1,019472513
1,019472533
1,019472520
1,019479103
1,019479098
1,019479572
1,019486597
1,019488670
1,019488656
1,019488672
1,019488657
1,019487711
1,019493168
1,019568686
1,019568827
1,019571901
1,019569793
1,019569800
1,019569843
1,019585308
1,019582635
1,019582889
1,019582896
1,019595619
1,019613842
1,019624295
1,019624290
1,019622233
1,019622228
1,019499248
1,019512896
1,019513922
1,019513947
1,019520044
1,019526051
1,019525019
1,019526408
1,019541845
1,019545158
1,019545246
1,019543077
1,019543066
1,019543160
1,019549535
1,019550769
1,019550775
1,019550778
1,019558442
1,019558551
1,019558594
1,019570951
1,019568900
1,019568458
1,019568454
1,019568468
1,019569602
1,019571748
1,019571715
1,019386048
1,019398133
1,019398140
1,019415016
1,019428716
1,019429401
1,019686955
1,019686958
1,019686945
1,019686952
1,019689100
1,019689090
1,019687588
1,019701385
1,019702464
1,019703635
1,019703638
1,019700611
1,019701782
1,019700965
1,019713587
1,019713668
1,019715141
1,019715178
1,019715199
1,019724780
1,019724783
1,019728690
1,019728718
1,019734855
1,019742001
1,019742004
1,019741000
1,019740002
1,019740006
1,019740313
1,019740450
1,019756281
1,019756738
1,019757063
1,019757048
1,019761498
1,019761501
1,019761502
1,019786112
1,019786113
1,019786142
1,019786126
1,019785254
1,019787321
1,019787337
1,019787559
1,019787587
1,019794308
1,019800729
1,019800718
1,019800728
1,019801257
1,019801265
1,019806540
1,019801326
1,019807859
1,019814931
1,019824986
1,019826776
1,019841888
1,019869986
1,019868081
1,019868085
1,019871950
1,019871944
1,019871981
1,019875202
1,019890673
1,019895561
1,019896751
1,019895900
1,019896074
1,019896275
1,019622349
1,019624872
1,019624891
1,019623809
1,019623098
1,019953774
1,019955752
1,019968727
1,019968070
1,019968075
1,019968230
1,019981905
1,019981216
1,019983285
1,019983301
1,019983353
1,019995996
1,019994063
1,019623113
1,019623120
1,019630365
1,019632529
1,019635204
1,019642727
1,019644726
1,019644732
1,019643816
1,019648952
1,018660670
1,019989788
1,018645408
1,018645392
1,018645097
1,018653811
1,018653796
1,018661800
1,018661066
1,018660380
1,019154382
1,019154116
1,018671984
1,018715289
1,019982361
1,018713054
1,019869989
1,018732415
1,018730381
1,019178740
1,018732776
1,019968241
1,018729751
1,019160380
1,018736400
1,018740477
1,019786129
1,018740561
1,019109572
1,018737603
1,019870786
1,018736904
1,018744860
1,018869035
1,018743949
1,018759340
1,018672686
1,019470943
1,018757265
1,019360854
1,018756530
1,018756582
1,019305765
1,019441369
1,018764081
1,018766113
1,018771241
1,018772104
1,018807027
1,019178741
1,018915567
1,019433785
1,019178472
1,019192231
1,019192441
1,019192850
1,018884067
1,019166393
1,018896161
1,019097271
1,019728695
1,019989790
1,018899296
1,018807031
1,019327330
1,018813367
1,019715197
1,018814514
1,018828500
1,018849181
1,018852098
1,019154395
1,018857847
1,019241125
1,018857851
1,018869009
1,018883916
1,019165946
1,019168022
1,019487724
1,019168162
1,019472521
1,019952529
1,019168146
1,019167085
1,019168366
1,018675946
1,018940729
1,018672695
1,019098300
1,018673815
1,018693766
1,019512915
1,018695692
1,018695946
1,018701829
1,018714969
1,019061316
1,019231552
1,019061305
1,019320512
1,019058364
1,019084464
1,019067504
1,019067492
1,019069993
1,019070860
1,019422468
1,019983368
1,019069809
1,019582895
1,019076415
1,019076565
1,019085787
1,019090954
1,018993335
1,019314192
1,019094771
1,019622348
1,019098303
1,018971753
1,019870992
1,019095331
1,019111675
1,019109652
1,019740451
1,019110634
1,019109826
1,019896053
1,019117371
1,019121700
1,019139930
1,019139925
1,019139929
1,019152294
1,019146548
1,019154305
1,019526410
1,019543162
1,019154403
1,019152733
1,019152726
1,019152027
1,019152019
1,019154119
1,019160403
1,019160392
1,019167922
1,019167926
1,019563839
1,019166833
1,019193922
1,019206660
1,019226001
1,019225019
1,019739991
1,019226722
1,019371340
1,019879379
1,019238519
1,018939727
1,019240633
1,019251660
1,019252043
1,019254078
1,019251342
1,018899299
1,019251332
1,019265001
1,019277057
1,018911560
1,018912232
1,018919998
1,018926896
1,018939729
1,018953768
1,018954819
1,018955843
1,018969975
1,018969949
1,018979669
1,019800742
1,018993315
1,019558586
1,019022700
1,019022694
1,019545168
1,019021634
1,019526080
1,019034389
1,019033068
1,019398135
1,019049558
1,019055886
1,019384096
1,019280091
1,019280100
1,019306212
1,019306322
1,019312986
1,019321273
1,019333994
1,019353976
1,019353981
1,019360584
1,019359510
1,019360668
1,019374343
1,019622346
1,019374365
1,019371346
1,019471373
1,019474617
1,019482086
1,019549510
1,019484985
1,019487843
1,019487867
1,019493177
1,019498692
1,019568706
1,019568694
1,019568814
1,019755594
1,019569798
1,019853596
1,019571939
1,019585586
1,019584904
1,019826783
1,019595613
1,019596473
1,019513929
1,019512301
1,019526064
1,019526942
1,019526935
1,019526950
1,019526046
1,019526412
1,019541608
1,019541622
1,019686959
1,019541853
1,019543179
1,019544246
1,019558598
1,019384110
1,019384297
1,019630360
1,019384301
1,019384304
1,019433782
1,019400963
1,019413605
1,019413612
1,019412629
1,019623794
1,019414826
1,019412909
1,019428706
1,019429404
1,019433778
1,019438106
1,019689096
1,019690129
1,019690139
1,019687594
1,019702454
1,019700687
1,019713276
1,019716700
1,019716701
1,019728685
1,019623807
1,019727530
1,019727527
1,019727547
1,019740923
1,019740928
1,019743030
1,019740991
1,019740017
1,019740439
1,019740889
1,019935855
1,019786106
1,019787588
1,019800723
1,019800875
1,019806567
1,019806538
1,019806522
1,019801324
1,019812213
1,019820853
1,019828892
1,019838679
1,019852291
1,019869979
1,019869983
1,019869833
1,019890675
1,019896743
1,019895897
1,019897208
1,019622342
1,019624857
1,019623803
1,019623109
1,019935866
1,019955736
1,019967423
1,019967435
1,019968728
1,019969709
1,019968081
1,019981312
1,019989797
1,019623135
1,019624045
1,019630352
1,019630346
1,019637767
1,019635201
1,019642737
1,019641828
1,019649044
1,019647174
1,019649489
1,019649666
1,019663199
1,019660683
1,019663820
1,019661820
1,019661811
1,019661841
1,019674446
1,019676798
1,019675064
1,019896326
1,019898469
1,019907353
1,019907362
1,019919093
1,019924236
1,019937807
1,019936854
1,019994308
1,019994310
1,019994323
1,019994393
1,020010296
1,020009337
1,020023711
1,020022661
1,020022677
1,020022669
1,020022662
1,020034907
1,020034904
1,020036132
1,020038265
1,020037190
1,020037192
1,020036167
1,020036178
1,020035181
1,020035184
1,020038330
1,020036272
1,020037320
1,020038456
1,020036479
1,020043125
1,020043119
1,020043128
1,020043151
1,020042430
1,020048188
1,020074901
1,020074892
1,020075098
1,020075101
1,020089913
1,020090971
1,020088927
1,020102447
1,020104677
1,020103642
1,020103652
1,020103651
1,020103644
1,020101613
1,020112620
1,020121913
1,020127392
1,020129630
1,020127756
1,020127772
1,020131282
1,020261039
1,020265707
1,020265710
1,020272329
1,020272305
1,020277701
1,020277720
1,020283881
1,020283915
1,020301797
1,020311862
1,020312859
1,020312854
1,020319733
1,020319736
1,020319748
1,020319722
1,020317706
1,020319851
1,020319038
1,020320049
1,020150538
1,020149636
1,020151746
1,020151709
1,020164499
1,020170424
1,020170414
1,020170418
1,020170409
1,020168751
1,020168767
1,020176240
1,020176265
1,020175229
1,020180270
1,020184549
1,020184550
1,020199786
1,020202022
1,020200346
1,020213196
1,020213198
1,020230325
1,020234569
1,020237794
1,020239638
1,020239649
1,020239639
1,020246867
1,020246861
1,020244553
1,020255109
1,020252181
1,020261072
1,020050301
1,020050349
1,020050362
1,020050030
1,020050020
1,020060682
1,020060678
1,020060685
1,020063821
1,020063807
1,020062839
