V3856795,4
V3856796,2
V3856797,0
V3856798,8
V3856799,6
V3856800,2
V3856801,0
V3856802,8
V3856803,6
V3856804,4
V3856805,1
V3856806,9
V3856807,7
V3856808,5
V3856809,3
V3856810,1
V3856811,9
V3856812,7
V3856813,5
V3856814,3
V3856815,0
V3856816,8
V3856817,6
V3856818,4
V3856819,2
V3856820,0
V3856821,8
V3856822,6
V3856823,4
V3856824,2
V3856825,9
V3856826,7
V3856827,5
V3856828,3
V3856829,1
V3856830,9
V3856831,7
V3856832,5
V3856833,3
V3856834,1
V3856835,8
V3856836,6
V3856837,4
V3856838,2
V3856839,0
V3856840,8
V3856841,6
V3856842,4
V3856843,2
V3856844,0
V3856845,7
V3856846,5
V3856847,3
V3856848,1
V3856849,9
V3856850,7
V3856851,5
V3856852,3
V3856853,1
V3856854,9
V3856855,6
V3856856,4
V3856857,2
V3856858,0
V3856859,8
V3856860,6
V3856861,4
V3856862,2
V3856863,0
V3856864,8
V3856865,5
V3856866,3
V3856867,1
V3856868,9
V3856869,7
V3856870,5
V3856871,3
V3856872,1
V3856873,9
V3856874,7
V3856875,4
V3856876,2
V3856877,0
V3856878,8
V3856879,6
V3856880,4
V3856881,2
V3856882,0
V3856883,8
V3856884,6
V3856885,3
V3856886,1
V3856887,9
V3856888,7
V3856889,5
V3856890,3
V3856891,1
V3856892,9
V3856893,7
V3856894,5
V3856895,2
V3856896,0
V3856897,8
V3856898,6
V3856899,4
V3856900,0
V3856901,8
V3856902,6
V3856903,4
V3856904,2
V3856905,9
V3856906,7
V3856907,5
V3856908,3
V3856909,1
V3856910,9
V3856911,7
V3856912,5
V3856913,3
V3856914,1
V3856915,8
V3856916,6
V3856917,4
V3856918,2
V3856919,0
V3856920,8
V3856921,6
V3856922,4
V3856923,2
V3856924,0
V3856925,7
V3856926,5
V3856927,3
V3856928,1
V3856929,9
V3856930,7
V3856931,5
V3856932,3
V3856933,1
V3856934,9
V3856935,6
V3856951,3
V3856953,9
V3856992,7
V3856993,5
V3856994,3
V3856995,0
V3856996,8
V3856997,6
V3856998,4
V3856999,2
V3857000,8
V3857001,6
V3857002,4
V3857003,2
V3857004,0
V3857005,7
V3857006,5
V3857007,3
V3857008,1
V3857009,9
V3857010,7
V3857011,5
V3857012,3
V3857013,1
V3857014,9
V3857015,6
V3857016,4
V3857017,2
V3857018,0
V3857019,8
V3857020,6
V3857021,4
V3857022,2
V3857023,0
V3857024,8
V3857025,5
V3857026,3
V3857027,1
V3857028,9
V3857029,7
V3857030,5
V3857031,3
V3857032,1
V3857033,9
V3857034,7
V3857035,4
V3857036,2
V3857037,0
V3857038,8
V3857039,6
V3857040,4
V3857041,2
V3857042,0
V3857043,8
V3857044,6
V3857045,3
V3857046,1
V3857047,9
V3857048,7
V3857049,5
V3857065,1
V3857067,7
V3857110,5
V3857113,9
V3857114,7
V3857115,4
V3857116,2
V3857117,0
V3857118,8
V3857119,6
V3857120,4
V3857121,2
V3857122,0
V3857123,8
V3857124,6
V3857125,3
V3857126,1
V3857127,9
V3857128,7
V3857129,5
V3857130,3
V3857131,1
V3857132,9
V3857133,7
V3857134,5
V3857135,2
V3857136,0
V3857137,8
V3857138,6
V3857139,4
V3857140,2
V3857141,0
V3857142,8
V3857143,6
V3857144,4
V3857145,1
V3857146,9
V3857147,7
V3857148,5
V3857149,3
V3857150,1
V3857151,9
V3857152,7
V3857153,5
V3857154,3
V3857155,0
V3857156,8
V3857157,6
V3857158,4
V3857159,2
V3857160,0
V3857161,8
V3857162,6
V3857163,4
V3857164,2
V3857165,9
V3857166,7
V3857167,5
V3857168,3
V3857169,1
V3857170,9
V3857171,7
V3857172,5
V3857173,3
V3857174,1
V3857175,8
V3857176,6
V3857177,4
V3857178,2
V3857179,0
V3857180,8
V3857181,6
V3857182,4
V3857183,2
V3857184,0
V3857185,7
V3857186,5
V3857187,3
V3857188,1
V3857189,9
V3857190,7
V3857191,5
V3857192,3
V3857193,1
V3857194,9
V3857195,6
V3857249,1
V3857257,4
V3857258,2
V3857259,0
V3857260,8
V3857261,6
V3857262,4
V3857263,2
V3857264,0
V3857265,7
V3857266,5
V3857267,3
V3857268,1
V3857269,9
V3857270,7
V3857271,5
V3857272,3
V3857273,1
V3857274,9
V3857275,6
V3857276,4
V3857277,2
V3857278,0
V3857279,8
V3857280,6
V3857281,4
V3857282,2
V3857283,0
V3857284,8
V3857285,5
V3857286,3
V3857287,1
V3857288,9
V3857289,7
V3857290,5
V3857291,3
V3857292,1
V3857293,9
V3857294,7
V3857295,4
V3857296,2
V3857297,0
V3857298,8
V3857299,6
V3857300,2
V3857301,0
V3857302,8
V3857303,6
V3857304,4
V3857305,1
V3857306,9
V3857307,7
V3857308,5
V3857309,3
V3857310,1
V3857311,9
V3857312,7
V3857313,5
V3857314,3
V3857315,0
V3857316,8
V3857317,6
V3857318,4
V3857319,2
V3857320,0
V3857321,8
V3857322,6
V3857323,4
V3857324,2
V3857325,9
V3857326,7
V3857327,5
V3857328,3
V3857329,1
V3857330,9
V3857331,7
V3857332,5
V3857333,3
V3857334,1
V3857335,8
V3857336,6
V3857337,4
V3857338,2
V3857339,0
V3857340,8
V3857341,6
V3857342,4
V3857343,2
V3857344,0
V3857345,7
V3857346,5
V3857347,3
V3857348,1
V3857349,9
V3857350,7
V3857351,5
V3857352,3
V3857353,1
V3857354,9
V3857355,6
V3857356,4
V3857357,2
V3857358,0
V3857359,8
V3857360,6
V3857361,4
V3857362,2
V3857363,0
V3857364,8
V3857365,5
V3857366,3
V3857367,1
V3857368,9
V3857369,7
V3857423,2
V3857432,3
V3857433,1
V3857434,9
V3857435,6
V3857436,4
V3857437,2
V3857438,0
V3857439,8
V3857440,6
V3857441,4
V3857442,2
V3857443,0
V3857444,8
V3857445,5
V3857446,3
V3857447,1
V3857448,9
V3857449,7
V3857450,5
V3857451,3
V3857452,1
V3857453,9
V3857454,7
V3857455,4
V3857504,9
V3857505,6
V3857506,4
V3857507,2
V3857508,0
V3857509,8
V3857510,6
V3857511,4
V3857512,2
V3857513,0
V3857514,8
V3857515,5
V3857516,3
V3857517,1
V3857518,9
V3857519,7
V3857520,5
V3857521,3
V3857522,1
V3857523,9
V3857524,7
V3857525,4
V3857526,2
V3857527,0
V3857528,8
V3857529,6
V3857530,4
V3857531,2
V3857532,0
V3857533,8
V3857534,6
V3857535,3
V3857536,1
V3857537,9
V3857538,7
V3857539,5
V3857540,3
V3857541,1
V3857542,9
V3857543,7
V3857544,5
V3857545,2
V3857546,0
V3857547,8
V3857548,6
V3857549,4
V3857550,2
V3857551,0
V3857552,8
V3857553,6
V3857554,4
V3857555,1
V3857556,9
V3857557,7
V3857558,5
V3857559,3
V3857560,1
V3857561,9
V3857562,7
V3857563,5
V3857564,3
V3857565,0
V3857566,8
V3857567,6
V3857568,4
V3857569,2
V3857570,0
V3857571,8
V3857572,6
V3857573,4
V3857574,2
V3857575,9
V3857576,7
V3857577,5
V3857578,3
V3857579,1
V3857580,9
V3857581,7
V3857582,5
V3857583,3
V3857584,1
V3857585,8
V3857586,6
V3857587,4
V3857588,2
V3857589,0
V3857590,8
V3857591,6
V3857592,4
V3857593,2
V3857594,0
V3857595,7
V3857596,5
V3857597,3
V3857598,1
V3857599,9
V3857600,5
V3857601,3
V3857602,1
V3857603,9
V3857604,7
V3857605,4
V3857606,2
V3857607,0
V3857608,8
V3857609,6
V3857610,4
V3857611,2
V3857612,0
V3857613,8
V3857614,6
V3857615,3
V3857616,1
V3857617,9
V3857618,7
V3857619,5
V3857620,3
V3857621,1
V3857622,9
V3857623,7
V3857624,5
V3857625,2
V3857626,0
V3857627,8
V3857628,6
V3857629,4
V3857630,2
V3857631,0
V3857632,8
V3857633,6
V3857634,4
V3857635,1
V3857636,9
V3857637,7
V3857638,5
V3857639,3
V3857640,1
V3857641,9
V3857642,7
V3857643,5
V3857644,3
V3857645,0
V3857646,8
V3857647,6
V3857648,4
V3857649,2
V3857650,0
V3857651,8
V3857652,6
V3857653,4
V3857654,2
V3857655,9
V3857656,7
V3857657,5
V3857658,3
V3857659,1
V3857660,9
V3857661,7
V3857662,5
V3857663,3
V3857664,1
V3857665,8
V3857666,6
V3857667,4
V3857668,2
V3857669,0
V3857670,8
V3857671,6
V3857672,4
V3857673,2
V3857674,0
V3857675,7
V3857676,5
V3857677,3
V3857786,2
V3857788,8
V3857789,6
V3857790,4
V3857791,2
V3857792,0
V3857793,8
V3857794,6
V3857795,3
V3857796,1
V3857797,9
V3857798,7
V3857799,5
V3857800,1
V3857801,9
V3857802,7
V3857803,5
V3857804,3
V3857805,0
V3857806,8
V3857807,6
V3857808,4
V3857809,2
V3857810,0
V3857811,8
V3857812,6
V3857813,4
V3857814,2
V3857815,9
V3857816,7
V3857817,5
V3857818,3
V3857819,1
V3857820,9
V3857821,7
V3857822,5
V3857823,3
V3857824,1
V3857825,8
V3857826,6
V3857827,4
V3857828,2
V3857829,0
V3857830,8
V3857831,6
V3857832,4
V3857833,2
V3857834,0
V3857835,7
V3857836,5
V3857837,3
V3857838,1
V3857839,9
V3857840,7
V3857841,5
V3857842,3
V3857843,1
V3857844,9
V3857845,6
V3857846,4
V3857847,2
V3857848,0
V3857849,8
V3857850,6
V3857851,4
V3857852,2
V3857853,0
V3857854,8
V3857855,5
V3857856,3
V3857857,1
V3857858,9
V3857859,7
V3857860,5
V3857861,3
V3857862,1
V3857863,9
V3857864,7
V3857865,4
V3857866,2
V3857867,0
V3857868,8
V3857869,6
V3857870,4
V3857871,2
V3857872,0
V3857873,8
V3857874,6
V3857875,3
V3857876,1
V3857877,9
V3857878,7
V3857879,5
V3857880,3
V3857881,1
V3857882,9
V3857883,7
V3857884,5
V3857885,2
V3857886,0
V3857887,8
V3857888,6
V3857889,4
V3857890,2
V3857891,0
V3857892,8
V3857893,6
V3857894,4
V3857895,1
V3857896,9
V3857897,7
V3857898,5
V3857899,3
V3857900,9
V3857901,7
V3857902,5
V3857903,3
V3857904,1
V3857905,8
V3857906,6
V3857907,4
V3857908,2
V3857909,0
V3857910,8
V3857911,6
V3857912,4
V3857913,2
V3857914,0
V3857915,7
V3857916,5
V3857917,3
V3857918,1
V3857919,9
V3857920,7
V3857921,5
V3857922,3
V3857923,1
V3857924,9
V3857925,6
V3857926,4
V3857927,2
V3857928,0
V3857929,8
V3857930,6
V3857931,4
V3857932,2
V3857933,0
V3857934,8
V3857935,5
V3857936,3
V3857937,1
V3857938,9
V3857939,7
V3857940,5
V3857941,3
V3857942,1
V3857943,9
V3857944,7
V3857945,4
V3857946,2
V3857947,0
V3857948,8
V3857949,6
V3857950,4
V3857951,2
V3857952,0
V3857953,8
V3857954,6
V3857955,3
V3857956,1
V3857957,9
V3857958,7
V3857959,5
V3857960,3
V3857961,1
V3857962,9
V3857963,7
V3857964,5
V3857965,2
V3857966,0
V3857967,8
V3857968,6
V3857969,4
V3857970,2
V3857971,0
V3857972,8
V3857973,6
V3857974,4
V3857975,1
V3857976,9
V3858020,5
V3858021,3
V3858022,1
V3858023,9
V3858024,7
V3858025,4
V3858026,2
V3858027,0
V3858028,8
V3858029,6
V3858030,4
V3858031,2
V3858032,0
V3858033,8
V3858034,6
V3858070,0
V3858093,2
V3858094,0
V3858095,7
V3858096,5
V3858097,3
V3858098,1
V3858099,9
V3858100,5
V3858101,3
V3858102,1
V3858103,9
V3858104,7
V3858105,4
V3858106,2
V3858107,0
V3858108,8
V3858109,6
V3858110,4
V3858111,2
V3858112,0
V3858113,8
V3858114,6
V3858115,3
V3858116,1
V3858117,9
V3858118,7
V3858119,5
V3858120,3
V3858121,1
V3858122,9
V3858123,7
V3858124,5
V3858125,2
V3858126,0
V3858127,8
V3858128,6
V3858129,4
V3858130,2
V3858131,0
V3858132,8
V3858133,6
V3858134,4
V3858135,1
V3858136,9
V3858137,7
V3858138,5
V3858139,3
V3858140,1
V3858141,9
V3858142,7
V3858143,5
V3858144,3
V3858145,0
V3858146,8
V3858147,6
V3858148,4
V3858149,2
V3858150,0
V3858151,8
V3858152,6
V3858153,4
V3858154,2
V3858155,9
V3858156,7
V3858157,5
V3858158,3
V3858159,1
V3858160,9
V3858161,7
V3858162,5
V3858163,3
V3858164,1
V3858165,8
V3858166,6
V3858167,4
V3858168,2
V3858169,0
V3858170,8
V3858171,6
V3858172,4
V3858173,2
V3858174,0
V3858175,7
V3858176,5
V3858177,3
V3858178,1
V3858179,9
V3858180,7
V3858181,5
V3858182,3
V3858183,1
V3858184,9
V3858185,6
V3858186,4
V3858187,2
V3858188,0
V3858189,8
V3858190,6
V3858191,4
V3858192,2
V3858193,0
V3858194,8
V3858195,5
V3858196,3
V3858197,1
V3858198,9
V3858199,7
V3858200,3
V3858201,1
V3858202,9
V3858203,7
V3858204,5
V3858205,2
V3858206,0
V3858207,8
V3858208,6
V3858209,4
V3858210,2
V3858211,0
V3858212,8
V3858213,6
V3858214,4
V3858215,1
V3858216,9
V3858217,7
V3858218,5
V3858219,3
V3858220,1
V3858221,9
V3858222,7
V3858223,5
V3858224,3
V3858225,0
V3858226,8
V3858227,6
V3858228,4
V3858229,2
V3858230,0
V3858231,8
V3858232,6
V3858233,4
V3858234,2
V3858235,9
V3858236,7
V3858237,5
V3858238,3
V3858239,1
V3858240,9
V3858241,7
V3858242,5
V3858243,3
V3858244,1
V3858245,8
V3858246,6
V3858247,4
V3858248,2
V3858249,0
V3858250,8
V3858251,6
V3858252,4
V3858253,2
V3858254,0
V3858255,7
V3858256,5
V3858257,3
V3858258,1
V3858259,9
V3858260,7
V3858261,5
V3858262,3
V3858263,1
V3858264,9
V3858265,6
V3858266,4
V3858267,2
V3858268,0
V3858269,8
V3858270,6
V3858271,4
V3858272,2
V3858273,0
V3858274,8
V3858275,5
V3858276,3
V3858277,1
V3858278,9
V3858279,7
V3858280,5
V3858281,3
V3858282,1
V3858283,9
V3858284,7
V3858285,4
V3858286,2
V3858287,0
V3858288,8
V3858289,6
V3858290,4
V3858291,2
V3858292,0
V3858293,8
V3858294,6
V3858295,3
V3858348,0
V3858349,8
V3858350,6
V3858351,4
V3858352,2
V3858353,0
V3858354,8
V3858355,5
V3858356,3
V3858357,1
V3858358,9
V3858359,7
V3858360,5
V3858361,3
V3858362,1
V3858363,9
V3858364,7
V3858365,4
V3858366,2
V3858367,0
V3858368,8
V3858369,6
V3858370,4
V3858371,2
V3858372,0
V3858373,8
V3858374,6
V3858375,3
V3858376,1
V3858377,9
V3858378,7
V3858379,5
V3858380,3
V3858381,1
V3858382,9
V3858383,7
V3858384,5
V3858385,2
V3858386,0
V3858387,8
V3858388,6
V3858389,4
V3858390,2
V3858391,0
V3858392,8
V3858393,6
V3858394,4
V3858395,1
V3858396,9
V3858397,7
V3858398,5
V3858399,3
V3858400,9
V3858401,7
V3858402,5
V3858403,3
V3858404,1
V3858405,8
V3858406,6
V3858407,4
V3858408,2
V3858409,0
V3858410,8
V3858411,6
V3858412,4
V3858413,2
V3858414,0
V3858415,7
V3858416,5
V3858417,3
V3858418,1
V3858419,9
V3858420,7
V3858421,5
V3858422,3
V3858423,1
V3858424,9
V3858425,6
V3858426,4
V3858427,2
V3858428,0
V3858429,8
V3858430,6
V3858431,4
V3858432,2
V3858433,0
V3858434,8
V3858435,5
V3858436,3
V3858437,1
V3858438,9
V3858439,7
V3858440,5
V3858441,3
V3858442,1
V3858443,9
V3858444,7
V3858445,4
V3858446,2
V3858447,0
V3858448,8
V3858449,6
V3858450,4
V3858451,2
V3858452,0
V3858453,8
V3858454,6
V3858455,3
V3858456,1
V3858457,9
V3858458,7
V3858459,5
V3858460,3
V3858461,1
V3858462,9
V3858463,7
V3858464,5
V3858465,2
V3858466,0
V3858467,8
V3858468,6
V3858469,4
V3858470,2
V3858471,0
V3858472,8
V3858473,6
V3858474,4
V3858475,1
V3858476,9
V3858477,7
V3858478,5
V3858479,3
V3858480,1
V3858481,9
V3858482,7
V3858483,5
V3858484,3
V3858485,0
V3858486,8
V3858487,6
V3858488,4
V3858489,2
V3858490,0
V3858491,8
V3858492,6
V3858493,4
V3858494,2
V3858495,9
V3858496,7
V3858497,5
V3858498,3
V3858499,1
V3858500,6
V3858501,4
V3858502,2
V3858503,0
V3858504,8
V3858505,5
V3858506,3
V3858507,1
V3858508,9
V3858509,7
V3858510,5
V3858511,3
V3858512,1
V3858513,9
V3858514,7
V3858515,4
V3858516,2
V3858517,0
V3858518,8
V3858519,6
V3858520,4
V3858521,2
V3858522,0
V3858523,8
V3858524,6
V3858525,3
V3858526,1
V3858527,9
V3858528,7
V3858529,5
V3858530,3
V3858531,1
V3858532,9
V3858533,7
V3858534,5
V3858535,2
V3858536,0
V3858537,8
V3858538,6
V3858539,4
V3858540,2
V3858541,0
V3858542,8
V3858543,6
V3858544,4
V3858545,1
V3858546,9
V3858547,7
V3858548,5
V3858549,3
V3858550,1
V3858551,9
V3858552,7
V3858553,5
V3858554,3
V3858555,0
V3858556,8
V3858557,6
V3858558,4
V3858559,2
V3858560,0
V3858561,8
V3858562,6
V3858563,4
V3858564,2
V3858565,9
V3858566,7
V3858567,5
V3858568,3
V3858569,1
V3858570,9
V3858571,7
V3858572,5
V3858573,3
V3858574,1
V3858575,8
V3858576,6
V3858577,4
V3858578,2
V3858579,0
V3858580,8
V3858581,6
V3858582,4
V3858583,2
V3858584,0
V3858585,7
V3858586,5
V3858587,3
V3858588,1
V3858589,9
V3858590,7
V3858591,5
V3858592,3
V3858593,1
V3858594,9
V3858595,6
V3858596,4
V3858597,2
V3858598,0
V3858599,8
V3858600,4
V3858601,2
V3858602,0
V3858603,8
V3858604,6
V3858605,3
V3858606,1
V3858607,9
V3858608,7
V3858609,5
V3858610,3
V3858611,1
V3858612,9
V3858613,7
V3858614,5
V3858615,2
V3858616,0
V3858617,8
V3858618,6
V3858619,4
V3858620,2
V3858621,0
V3858622,8
V3858623,6
V3858624,4
V3858625,1
V3858626,9
V3858627,7
V3858628,5
V3858629,3
V3858630,1
V3858631,9
V3858632,7
V3858633,5
V3858634,3
V3858635,0
V3858636,8
V3858637,6
V3858638,4
V3858639,2
V3858640,0
V3858641,8
V3858642,6
V3858643,4
V3858644,2
V3858645,9
V3858646,7
V3858647,5
V3858648,3
V3858649,1
V3858650,9
V3858651,7
V3858652,5
V3858653,3
V3858654,1
V3858655,8
V3858656,6
V3858657,4
V3858658,2
V3858659,0
V3858660,8
V3858661,6
V3858662,4
V3858663,2
V3858664,0
V3858665,7
V3858666,5
V3858667,3
V3858668,1
V3858669,9
V3858670,7
V3858671,5
V3858672,3
V3858673,1
V3858674,9
V3858675,6
V3858676,4
V3858677,2
V3858678,0
V3858679,8
V3858680,6
V3858681,4
V3858682,2
V3858683,0
V3858684,8
V3858685,5
V3858686,3
V3858687,1
V3858688,9
V3858689,7
V3858690,5
V3858691,3
V3858692,1
V3858693,9
V3858694,7
V3858695,4
V3858696,2
V3858697,0
V3858698,8
V3858699,6
V3858700,2
V3858701,0
V3858702,8
V3858703,6
V3858704,4
V3858705,1
V3858706,9
V3858707,7
V3858708,5
V3858709,3
V3858710,1
V3858711,9
V3858712,7
V3858713,5
V3858714,3
V3858715,0
V3858716,8
V3858717,6
V3858718,4
V3858719,2
V3858720,0
V3858721,8
V3858722,6
V3858723,4
V3858724,2
V3858725,9
V3858726,7
V3858727,5
V3858728,3
V3858729,1
V3858730,9
V3858731,7
V3858732,5
V3858733,3
V3858734,1
V3858735,8
V3858736,6
V3858737,4
V3858738,2
V3858739,0
V3858740,8
V3858741,6
V3858742,4
V3858743,2
V3858744,0
V3858745,7
V3858746,5
V3858747,3
V3858748,1
V3858749,9
V3858750,7
V3858751,5
V3858752,3
V3858753,1
V3858754,9
V3858755,6
V3858756,4
V3858757,2
V3858758,0
V3858759,8
V3858760,6
V3858761,4
V3858762,2
V3858763,0
V3858764,8
V3858765,5
V3858766,3
V3858767,1
V3858768,9
V3858769,7
V3858770,5
V3858771,3
V3858772,1
V3858773,9
V3858774,7
V3858775,4
V3858776,2
V3858777,0
V3858778,8
V3858779,6
V3858780,4
V3858781,2
V3858782,0
V3858783,8
V3858784,6
V3858785,3
V3858786,1
V3858787,9
V3858788,7
V3858789,5
V3858790,3
V3858791,1
V3858792,9
V3858793,7
V3858794,5
V3858795,2
V3858796,0
V3858797,8
V3858798,6
V3858799,4
V3858800,0
V3858801,8
V3858802,6
V3858803,4
V3858804,2
V3858805,9
V3858806,7
V3858807,5
V3858808,3
V3858809,1
V3858810,9
V3858811,7
V3858812,5
V3858813,3
V3858814,1
V3858815,8
V3858816,6
V3858817,4
V3858818,2
V3858819,0
V3858820,8
V3858821,6
V3858822,4
V3858823,2
V3858824,0
V3858825,7
V3858826,5
V3858827,3
V3858828,1
V3858829,9
V3858830,7
V3858831,5
V3858832,3
V3858833,1
V3858834,9
V3858835,6
V3858836,4
V3858837,2
V3858838,0
V3858839,8
V3858840,6
V3858841,4
V3858842,2
V3858843,0
V3858844,8
V3858845,5
V3858846,3
V3858847,1
V3858848,9
V3858849,7
V3858850,5
V3858851,3
V3858852,1
V3858853,9
V3858854,7
V3858855,4
V3858856,2
V3858857,0
V3858858,8
V3858859,6
V3858860,4
V3858861,2
V3858862,0
V3858863,8
V3858864,6
V3858865,3
V3858866,1
V3858867,9
V3858868,7
V3858869,5
V3858870,3
V3858871,1
V3858872,9
V3858873,7
V3858874,5
V3858875,2
V3858876,0
V3858877,8
V3858878,6
V3858879,4
V3858880,2
V3858881,0
V3858882,8
V3858883,6
V3858884,4
V3858885,1
V3858886,9
V3858887,7
V3858888,5
V3858889,3
V3858890,1
V3858891,9
V3858892,7
V3858893,5
V3858894,3
V3858895,0
V3858896,8
V3858897,6
V3858898,4
V3858899,2
V3858900,8
V3858901,6
V3858902,4
V3858903,2
V3858904,0
V3858905,7
V3858906,5
V3858907,3
V3858908,1
V3858909,9
V3858910,7
V3858911,5
V3858912,3
V3858913,1
V3858914,9
V3858915,6
V3858916,4
V3858917,2
V3858918,0
V3858919,8
V3858920,6
V3858921,4
V3858922,2
V3858923,0
V3858924,8
V3858925,5
V3858926,3
V3858927,1
V3858928,9
V3858929,7
V3858930,5
V3858931,3
V3858932,1
V3858933,9
V3858934,7
V3858935,4
V3858936,2
V3858937,0
V3858938,8
V3858939,6
V3858940,4
V3858941,2
V3858942,0
V3858943,8
V3858944,6
V3858945,3
V3858946,1
V3858947,9
V3858948,7
V3858949,5
V3858950,3
V3858951,1
V3858952,9
V3858953,7
V3858954,5
V3858955,2
V3858956,0
V3858957,8
V3858958,6
V3858959,4
V3858960,2
V3858961,0
V3858962,8
V3858963,6
V3858964,4
V3858965,1
V3858966,9
V3858967,7
V3858968,5
V3858969,3
V3858970,1
V3858971,9
V3858972,7
V3858973,5
V3858974,3
V3858975,0
V3858976,8
V3858977,6
V3858978,4
V3858979,2
V3858980,0
V3858981,8
V3858982,6
V3858983,4
V3858984,2
V3858985,9
V3858986,7
V3858987,5
V3858988,3
V3858989,1
V3858990,9
V3858991,7
V3858992,5
V3858993,3
V3858994,1
V3858995,8
V3858996,6
V3858997,4
V3858998,2
V3858999,0
V3859000,6
V3859001,4
V3859002,2
V3859003,0
V3859004,8
V3859005,5
V3859006,3
V3859007,1
V3859008,9
V3859009,7
V3859010,5
V3859011,3
V3859012,1
V3859013,9
V3859014,7
V3859015,4
V3859016,2
V3859017,0
V3859018,8
V3859019,6
V3859020,4
V3859021,2
V3859022,0
V3859023,8
V3859024,6
V3859025,3
V3859026,1
V3859027,9
V3859028,7
V3859029,5
V3859030,3
V3859031,1
V3859032,9
V3859033,7
V3859034,5
V3859035,2
V3859036,0
V3859037,8
V3859038,6
V3859039,4
V3859040,2
V3859041,0
V3859042,8
V3859043,6
V3859044,4
V3859045,1
V3859046,9
V3859047,7
V3859048,5
V3859049,3
V3859050,1
V3859051,9
V3859052,7
V3859053,5
V3859054,3
V3859055,0
V3859056,8
V3859057,6
V3859058,4
V3859059,2
V3859060,0
V3859061,8
V3859062,6
V3859063,4
V3859064,2
V3859065,9
V3859066,7
V3859067,5
V3859068,3
V3859069,1
V3859070,9
V3859071,7
V3859072,5
V3859073,3
V3859074,1
V3859075,8
V3859076,6
V3859077,4
V3859078,2
V3859079,0
V3859080,8
V3859081,6
V3859082,4
V3859083,2
V3859084,0
V3859085,7
V3859086,5
V3859087,3
V3859088,1
V3859089,9
V3859090,7
V3859091,5
V3859092,3
V3859093,1
V3859094,9
V3859095,6
V3859096,4
V3859097,2
V3859098,0
V3859099,8
V3859100,4
V3859101,2
V3859102,0
V3859103,8
V3859104,6
V3859105,3
V3859106,1
V3859107,9
V3859108,7
V3859109,5
V3859110,3
V3859111,1
V3859112,9
V3859113,7
V3859114,5
V3859115,2
V3859116,0
V3859117,8
V3859118,6
V3859119,4
V3859120,2
V3859121,0
V3859122,8
V3859123,6
V3859124,4
V3859125,1
V3859126,9
V3859127,7
V3859128,5
V3859129,3
V3859130,1
V3859131,9
V3859132,7
V3859133,5
V3859134,3
V3859135,0
V3859136,8
V3859137,6
V3859138,4
V3859139,2
V3859140,0
V3859141,8
V3859142,6
V3859143,4
V3859144,2
V3859145,9
V3859146,7
V3859147,5
V3859148,3
V3859149,1
V3859150,9
V3859151,7
V3859152,5
V3859153,3
V3859154,1
V3859155,8
V3859156,6
V3859157,4
V3859158,2
V3859159,0
V3859160,8
V3859161,6
V3859162,4
V3859163,2
V3859164,0
V3859165,7
V3859166,5
V3859167,3
V3859168,1
V3859169,9
V3859170,7
V3859171,5
V3859172,3
V3859173,1
V3859174,9
V3859175,6
V3859176,4
V3859177,2
V3859178,0
V3859179,8
V3859180,6
V3859181,4
V3859182,2
V3859183,0
V3859184,8
V3859185,5
V3859186,3
V3859187,1
V3859188,9
V3859189,7
V3859190,5
V3859191,3
V3859192,1
V3859193,9
V3859194,7
V3859195,4
V3859196,2
V3859197,0
V3859198,8
V3859199,6
V3859200,2
V3859201,0
V3859202,8
V3859203,6
V3859204,4
V3859205,1
V3859206,9
V3859207,7
V3859208,5
V3859209,3
V3859210,1
V3859211,9
V3859212,7
V3859213,5
V3859214,3
V3859215,0
V3859216,8
V3859217,6
V3859218,4
V3859219,2
V3859220,0
V3859221,8
V3859222,6
V3859223,4
V3859224,2
V3859225,9
V3859226,7
V3859227,5
V3859228,3
V3859229,1
V3859230,9
V3859231,7
V3859232,5
V3859233,3
V3859234,1
V3859235,8
V3859236,6
V3859237,4
V3859238,2
V3859239,0
V3859240,8
V3859241,6
V3859242,4
V3859243,2
V3859244,0
V3859245,7
V3859246,5
V3859247,3
V3859248,1
V3859249,9
V3859250,7
V3859251,5
V3859252,3
V3859253,1
V3859254,9
V3859255,6
V3859256,4
V3859257,2
V3859258,0
V3859259,8
V3859260,6
V3859261,4
V3859262,2
V3859263,0
V3859264,8
V3859265,5
V3859266,3
V3859267,1
V3859268,9
V3859269,7
V3859270,5
V3859271,3
V3859272,1
V3859273,9
V3859274,7
V3859275,4
V3859276,2
V3859277,0
V3859278,8
V3859279,6
V3859280,4
V3859281,2
V3859282,0
V3859283,8
V3859284,6
V3859285,3
V3859286,1
V3859287,9
V3859288,7
V3859289,5
V3859290,3
V3859291,1
V3859292,9
V3859293,7
V3859294,5
V3859295,2
V3859296,0
V3859297,8
V3859298,6
V3859299,4
V3859300,0
V3859301,8
V3859302,6
V3859303,4
V3859304,2
V3859305,9
V3859306,7
V3859307,5
V3859308,3
V3859309,1
V3859310,9
V3859311,7
V3859312,5
V3859313,3
V3859314,1
V3859315,8
V3859316,6
V3859317,4
V3859318,2
V3859319,0
V3859320,8
V3859321,6
V3859322,4
V3859323,2
V3859324,0
V3859325,7
V3859326,5
V3859327,3
V3859328,1
V3859329,9
V3859330,7
V3859331,5
V3859332,3
V3859333,1
V3859334,9
V3859335,6
V3859336,4
V3859337,2
V3859338,0
V3859339,8
V3859340,6
V3859341,4
V3859342,2
V3859343,0
V3859344,8
V3859345,5
V3859346,3
V3859347,1
V3859348,9
V3859349,7
V3859350,5
V3859351,3
V3859352,1
V3859353,9
V3859354,7
V3859355,4
V3859356,2
V3859357,0
V3859358,8
V3859359,6
V3859360,4
V3859361,2
V3859362,0
V3859363,8
V3859364,6
V3859365,3
V3859366,1
V3859367,9
V3859368,7
V3859369,5
V3859370,3
V3859371,1
V3859372,9
V3859373,7
V3859374,5
V3859375,2
V3859376,0
V3859377,8
V3859378,6
V3859379,4
V3859380,2
V3859381,0
V3859382,8
V3859383,6
V3859384,4
V3859385,1
V3859386,9
V3859387,7
V3859388,5
V3859389,3
V3859390,1
V3859391,9
V3859392,7
V3859393,5
V3859394,3
V3859395,0
V3859396,8
V3859397,6
V3859398,4
V3859399,2
V3859400,8
V3859401,6
V3859402,4
V3859403,2
V3859404,0
V3859405,7
V3859406,5
V3859407,3
V3859408,1
V3859409,9
V3859410,7
V3859411,5
V3859412,3
V3859413,1
V3859414,9
V3859415,6
V3859416,4
V3859417,2
V3859418,0
V3859419,8
V3859420,6
V3859421,4
V3859422,2
V3859423,0
V3859424,8
V3859425,5
V3859426,3
V3859427,1
V3859428,9
V3859429,7
V3859430,5
V3859431,3
V3859432,1
V3859433,9
V3859434,7
V3859435,4
V3859436,2
V3859437,0
V3859438,8
V3859439,6
V3859440,4
V3859441,2
V3859442,0
V3859443,8
V3859444,6
V3859445,3
V3859446,1
V3859447,9
V3859448,7
V3859449,5
V3859450,3
V3859451,1
V3859452,9
V3859453,7
V3859454,5
V3859455,2
V3859456,0
V3859457,8
V3859458,6
V3859459,4
V3859460,2
V3859461,0
V3859462,8
V3859463,6
V3859464,4
V3859465,1
V3859466,9
V3859467,7
V3859468,5
V3859469,3
V3859470,1
V3859471,9
V3859472,7
V3859473,5
V3859474,3
V3859475,0
V3859476,8
V3859477,6
V3859478,4
V3859479,2
V3859480,0
V3859481,8
V3859482,6
V3859483,4
V3859484,2
V3859485,9
V3859486,7
V3859487,5
V3859488,3
V3859489,1
V3859490,9
V3859491,7
V3859492,5
V3859493,3
V3859494,1
V3859495,8
V3859496,6
V3859497,4
V3859498,2
V3859499,0
V3859500,5
V3859501,3
V3859502,1
V3859503,9
V3859504,7
V3859505,4
V3859506,2
V3859507,0
V3859508,8
V3859509,6
V3859510,4
V3859511,2
V3859512,0
V3859513,8
V3859514,6
V3859515,3
V3859516,1
V3859517,9
V3859518,7
V3859519,5
V3859520,3
V3859521,1
V3859522,9
V3859523,7
V3859524,5
V3859525,2
V3859526,0
V3859527,8
V3859528,6
V3859529,4
V3859530,2
V3859531,0
V3859532,8
V3859533,6
V3859534,4
V3859535,1
V3859536,9
V3859537,7
V3859538,5
V3859539,3
V3859540,1
V3859541,9
V3859542,7
V3859543,5
V3859544,3
V3859545,0
V3859546,8
V3859547,6
V3859548,4
V3859549,2
V3859550,0
V3859551,8
V3859552,6
V3859553,4
V3859554,2
V3859555,9
V3859556,7
V3859557,5
V3859558,3
V3859559,1
V3859560,9
V3859561,7
V3859562,5
V3859563,3
V3859564,1
V3859565,8
V3859566,6
V3859567,4
V3859568,2
V3859569,0
V3859570,8
V3859571,6
V3859572,4
V3859573,2
V3859574,0
V3859575,7
V3859576,5
V3859577,3
V3859578,1
V3859579,9
V3859580,7
V3859581,5
V3859582,3
V3859583,1
V3859584,9
V3859585,6
V3859586,4
V3859587,2
V3859588,0
V3859589,8
V3859590,6
V3859591,4
V3859592,2
V3859593,0
V3859594,8
V3859595,5
V3859596,3
V3859597,1
V3859598,9
V3859599,7
V3859600,3
V3859601,1
V3859602,9
V3859603,7
V3859604,5
V3859605,2
V3859606,0
V3859607,8
V3859608,6
V3859609,4
V3859610,2
V3859611,0
V3859612,8
V3859613,6
V3859614,4
V3859615,1
V3859616,9
V3859617,7
V3859618,5
V3859619,3
V3859620,1
V3859621,9
V3859622,7
V3859623,5
V3859624,3
V3859625,0
V3859626,8
V3859627,6
V3859628,4
V3859629,2
V3859630,0
V3859631,8
V3859632,6
V3859633,4
V3859634,2
V3859635,9
V3859636,7
V3859637,5
V3859638,3
V3859639,1
V3859640,9
V3859641,7
V3859642,5
V3859643,3
V3859644,1
V3859645,8
V3859646,6
V3859647,4
V3859648,2
V3859649,0
V3859650,8
V3859651,6
V3859652,4
V3859653,2
V3859654,0
V3859655,7
V3859656,5
V3859657,3
V3859658,1
V3859659,9
V3859660,7
V3859661,5
V3859662,3
V3859663,1
V3859664,9
V3859665,6
V3859666,4
V3859667,2
V3859668,0
V3859669,8
V3859670,6
V3859671,4
V3859672,2
V3859673,0
V3859674,8
V3859675,5
V3859676,3
V3859677,1
V3859678,9
V3859679,7
V3859680,5
V3859681,3
V3859682,1
V3859683,9
V3859684,7
V3859685,4
V3859686,2
V3859687,0
V3859688,8
V3859689,6
V3859690,4
V3859691,2
V3859692,0
V3859693,8
V3859694,6
V3859695,3
V3859696,1
V3859697,9
V3859698,7
V3859699,5
V3859700,1
V3859701,9
V3859702,7
V3859703,5
V3859704,3
V3859705,0
V3859706,8
V3859707,6
V3859708,4
V3859709,2
V3859710,0
V3859711,8
V3859712,6
V3859713,4
V3859714,2
V3859715,9
V3859716,7
V3859717,5
V3859718,3
V3859719,1
V3859720,9
V3859721,7
V3859722,5
V3859723,3
V3859724,1
V3859725,8
V3859726,6
V3859727,4
V3859728,2
V3859729,0
V3859730,8
V3859731,6
V3859732,4
V3859733,2
V3859734,0
V3859735,7
V3859736,5
V3859737,3
V3859738,1
V3859739,9
V3859740,7
V3859741,5
V3859742,3
V3859743,1
V3859744,9
V3859745,6
V3859746,4
V3859747,2
V3859748,0
V3859749,8
V3859750,6
V3859751,4
V3859752,2
V3859753,0
V3859754,8
V3859755,5
V3859756,3
V3859757,1
V3859758,9
V3859759,7
V3859760,5
V3859761,3
V3859762,1
V3859763,9
V3859764,7
V3859765,4
V3859766,2
V3859767,0
V3859768,8
V3859769,6
V3859770,4
V3859771,2
V3859772,0
V3859773,8
V3859774,6
V3859775,3
V3859776,1
V3859777,9
V3859778,7
V3859779,5
V3859780,3
V3859781,1
V3859782,9
V3859783,7
V3859784,5
V3859785,2
V3859786,0
V3859787,8
V3859788,6
V3859789,4
V3859790,2
V3859791,0
V3859792,8
V3859793,6
V3859794,4
V3859795,1
V3859796,9
V3859797,7
V3859798,5
V3859799,3
V3859800,9
V3859801,7
V3859802,5
V3859803,3
V3859804,1
V3859805,8
V3859806,6
V3859807,4
V3859808,2
V3859809,0
V3859810,8
V3859811,6
V3859812,4
V3859813,2
V3859814,0
V3859815,7
V3859816,5
V3859817,3
V3859818,1
V3859819,9
V3859820,7
V3859821,5
V3859822,3
V3859823,1
V3859824,9
V3859825,6
V3859826,4
V3859827,2
V3859828,0
V3859829,8
V3859830,6
V3859831,4
V3859832,2
V3859833,0
V3859834,8
V3859835,5
V3859836,3
V3859837,1
V3859838,9
V3859839,7
V3859840,5
V3859841,3
V3859842,1
V3859843,9
V3859844,7
V3859845,4
V3859846,2
V3859847,0
V3859848,8
V3859849,6
V3859850,4
V3859851,2
V3859852,0
V3859853,8
V3859854,6
V3859855,3
V3859856,1
V3859857,9
V3859858,7
V3859859,5
V3859860,3
V3859861,1
V3859862,9
V3859863,7
V3859864,5
V3859865,2
V3859866,0
V3859867,8
V3859868,6
V3859869,4
V3859870,2
V3859871,0
V3859872,8
V3859873,6
V3859874,4
V3859875,1
V3859876,9
V3859877,7
V3859878,5
V3859879,3
V3859880,1
V3859881,9
V3859882,7
V3859883,5
V3859884,3
V3859885,0
V3859886,8
V3859887,6
V3859888,4
V3859889,2
V3859890,0
V3859891,8
V3859892,6
V3859893,4
V3859894,2
V3859895,9
V3859896,7
V3859897,5
V3859898,3
V3859899,1
V3859900,7
V3859901,5
V3859902,3
V3859903,1
V3859904,9
V3859905,6
V3859906,4
V3859907,2
V3859908,0
V3859909,8
V3859910,6
V3859911,4
V3859912,2
V3859913,0
V3859914,8
V3859915,5
V3859916,3
V3859917,1
V3859918,9
V3859919,7
V3859920,5
V3859921,3
V3859922,1
V3859923,9
V3859924,7
V3859925,4
V3859926,2
V3859927,0
V3859928,8
V3859929,6
V3859930,4
V3859931,2
V3859932,0
V3859933,8
V3859934,6
V3859935,3
V3859936,1
V3859937,9
V3859938,7
V3859939,5
V3859940,3
V3859941,1
V3859942,9
V3859943,7
V3859944,5
V3859945,2
V3859946,0
V3859947,8
V3859948,6
V3859949,4
V3859950,2
V3859951,0
V3859952,8
V3859953,6
V3859954,4
V3859955,1
V3859956,9
V3859957,7
V3859958,5
V3859959,3
V3859960,1
V3859961,9
V3859962,7
V3859963,5
V3859964,3
V3859965,0
V3859966,8
V3859967,6
V3859968,4
V3859969,2
V3859970,0
V3859971,8
V3859972,6
V3859973,4
V3859974,2
V3859975,9
V3859976,7
V3859977,5
V3859978,3
V3859979,1
V3859980,9
V3859981,7
V3859982,5
V3859983,3
V3859984,1
V3859985,8
V3859986,6
V3859987,4
V3859988,2
V3859989,0
V3859990,8
V3859991,6
V3859992,4
V3859993,2
V3859994,0
V3859995,7
V3859996,5
V3859997,3
V3859998,1
V3859999,9
V3860000,3
V3860001,1
V3860002,9
V3860003,7
V3860004,5
V3860005,2
V3860006,0
V3860007,8
V3860008,6
V3860009,4
V3860010,2
V3860011,0
V3860012,8
V3860013,6
V3860014,4
V3860015,1
V3860016,9
V3860017,7
V3860018,5
V3860019,3
V3860020,1
V3860021,9
V3860022,7
V3860023,5
V3860024,3
V3860025,0
V3860026,8
V3860027,6
V3860028,4
V3860029,2
V3860030,0
V3860031,8
V3860032,6
V3860033,4
V3860034,2
V3860035,9
V3860036,7
V3860037,5
V3860038,3
V3860039,1
V3860040,9
V3860041,7
V3860042,5
V3860043,3
V3860044,1
V3860045,8
V3860046,6
V3860047,4
V3860048,2
V3860049,0
V3860050,8
V3860051,6
V3860052,4
V3860053,2
V3860054,0
V3860055,7
V3860056,5
V3860057,3
V3860058,1
V3860059,9
V3860060,7
V3860061,5
V3860062,3
V3860063,1
V3860064,9
V3860065,6
V3860066,4
V3860067,2
V3860068,0
V3860069,8
V3860070,6
V3860071,4
V3860072,2
V3860073,0
V3860074,8
V3860075,5
V3860076,3
V3860077,1
V3860078,9
V3860079,7
V3860080,5
V3860081,3
V3860082,1
V3860083,9
V3860084,7
V3860085,4
V3860086,2
V3860087,0
V3860088,8
V3860089,6
V3860090,4
V3860091,2
V3860092,0
V3860093,8
V3860094,6
V3860095,3
V3860096,1
V3860097,9
V3860098,7
V3860099,5
V3860100,1
V3860101,9
V3860102,7
V3860103,5
V3860104,3
V3860105,0
V3860106,8
V3860107,6
V3860108,4
V3860109,2
V3860110,0
V3860111,8
V3860112,6
V3860113,4
V3860114,2
V3860115,9
V3860116,7
V3860117,5
V3860118,3
V3860119,1
V3860120,9
V3860121,7
V3860122,5
V3860123,3
V3860124,1
V3860125,8
V3860126,6
V3860127,4
V3860128,2
V3860129,0
V3860130,8
V3860131,6
V3860132,4
V3860133,2
V3860134,0
V3860135,7
V3860136,5
V3860137,3
V3860138,1
V3860139,9
V3860140,7
V3860141,5
V3860142,3
V3860143,1
V3860144,9
V3860145,6
V3860146,4
V3860147,2
V3860148,0
V3860149,8
V3860150,6
V3860151,4
V3860152,2
V3860153,0
V3860154,8
V3860155,5
V3860156,3
V3860157,1
V3860158,9
V3860159,7
V3860160,5
V3860161,3
V3860162,1
V3860163,9
V3860164,7
V3860165,4
V3860166,2
V3860167,0
V3860168,8
V3860169,6
V3860170,4
V3860171,2
V3860172,0
V3860173,8
V3860174,6
V3860175,3
V3860176,1
V3860177,9
V3860178,7
V3860179,5
V3860180,3
V3860181,1
V3860182,9
V3860183,7
V3860184,5
V3860185,2
V3860186,0
V3860187,8
V3860188,6
V3860189,4
V3860190,2
V3860191,0
V3860192,8
V3860193,6
V3860194,4
V3860195,1
V3860196,9
V3860197,7
V3860198,5
V3860199,3
V3860200,9
V3860201,7
V3860202,5
V3860203,3
V3860204,1
V3860205,8
V3860206,6
V3860207,4
V3860208,2
V3860209,0
V3860210,8
V3860211,6
V3860212,4
V3860213,2
V3860214,0
V3860215,7
V3860216,5
V3860217,3
V3860218,1
V3860219,9
V3860220,7
V3860221,5
V3860222,3
V3860223,1
V3860224,9
V3860225,6
V3860226,4
V3860227,2
V3860228,0
V3860229,8
V3860230,6
V3860231,4
V3860232,2
V3860233,0
V3860234,8
V3860235,5
V3860236,3
V3860237,1
V3860238,9
V3860239,7
V3860240,5
V3860241,3
V3860242,1
V3860243,9
V3860244,7
V3860245,4
V3860246,2
V3860247,0
V3860248,8
V3860249,6
V3860250,4
V3860251,2
V3860252,0
V3860253,8
V3860254,6
V3860255,3
V3860256,1
V3860257,9
V3860258,7
V3860259,5
V3860260,3
V3860261,1
V3860262,9
V3860263,7
V3860264,5
V3860265,2
V3860266,0
V3860267,8
V3860268,6
V3860269,4
V3860270,2
V3860271,0
V3860272,8
V3860273,6
V3860274,4
V3860275,1
V3860276,9
V3860277,7
V3860278,5
V3860279,3
V3860280,1
V3860281,9
V3860282,7
V3860283,5
V3860284,3
V3860285,0
V3860286,8
V3860287,6
V3860288,4
V3860289,2
V3860290,0
V3860291,8
V3860292,6
V3860293,4
V3860294,2
V3860295,9
V3860296,7
V3860297,5
V3860298,3
V3860299,1
V3860300,7
V3860301,5
V3860302,3
V3860303,1
V3860304,9
V3860305,6
V3860306,4
V3860307,2
V3860308,0
V3860309,8
V3860310,6
V3860311,4
V3860312,2
V3860313,0
V3860314,8
V3860315,5
V3860316,3
V3860317,1
V3860318,9
V3860319,7
V3860320,5
V3860321,3
V3860322,1
V3860323,9
V3860324,7
V3860325,4
V3860326,2
V3860327,0
V3860328,8
V3860329,6
V3860330,4
V3860331,2
V3860332,0
V3860333,8
V3860334,6
V3860335,3
V3860336,1
V3860337,9
V3860338,7
V3860339,5
V3860340,3
V3860341,1
V3860342,9
V3860343,7
V3860344,5
V3860345,2
V3860346,0
V3860347,8
V3860348,6
V3860349,4
V3860350,2
V3860351,0
V3860352,8
V3860353,6
V3860354,4
V3860355,1
V3860356,9
V3860357,7
V3860358,5
V3860359,3
V3860360,1
V3860361,9
V3860362,7
V3860363,5
V3860364,3
V3860365,0
V3860366,8
V3860367,6
V3860368,4
V3860369,2
V3860370,0
V3860371,8
V3860372,6
V3860373,4
V3860374,2
V3860375,9
V3860376,7
V3860377,5
V3860378,3
V3860379,1
V3860380,9
V3860381,7
V3860382,5
V3860383,3
V3860384,1
V3860385,8
V3860386,6
V3860387,4
V3860388,2
V3860389,0
V3860390,8
V3860391,6
V3860392,4
V3860393,2
V3860394,0
V3860395,7
V3860396,5
V3860397,3
V3860398,1
V3860399,9
V3860400,5
V3860401,3
V3860402,1
V3860403,9
V3860404,7
V3860405,4
V3860406,2
V3860407,0
V3860408,8
V3860409,6
V3860410,4
V3860411,2
V3860412,0
V3860413,8
V3860414,6
V3860415,3
V3860416,1
V3860417,9
V3860418,7
V3860419,5
V3860420,3
V3860421,1
V3860422,9
V3860423,7
V3860424,5
V3860425,2
V3860426,0
V3860427,8
V3860428,6
V3860429,4
V3860430,2
V3860431,0
V3860432,8
V3860433,6
V3860434,4
V3860435,1
V3860436,9
V3860437,7
V3860438,5
V3860439,3
V3860440,1
V3860441,9
V3860442,7
V3860443,5
V3860444,3
V3860445,0
V3860446,8
V3860447,6
V3860448,4
V3860449,2
V3860450,0
V3860451,8
V3860452,6
V3860453,4
V3860454,2
V3860455,9
V3860456,7
V3860457,5
V3860458,3
V3860459,1
V3860460,9
V3860461,7
V3860462,5
V3860463,3
V3860464,1
V3860465,8
V3860466,6
V3860467,4
V3860468,2
V3860469,0
V3860470,8
V3860471,6
V3860472,4
V3860473,2
V3860474,0
V3860475,7
V3860476,5
V3860477,3
V3860478,1
V3860479,9
V3860480,7
V3860481,5
V3860482,3
V3860483,1
V3860484,9
V3860485,6
V3860486,4
V3860487,2
V3860488,0
V3860489,8
V3860490,6
V3860491,4
V3860492,2
V3860493,0
V3860494,8
V3860495,5
V3860496,3
V3860497,1
V3860498,9
V3860499,7
V3860500,2
V3860501,0
V3860502,8
V3860503,6
V3860504,4
V3860505,1
V3860506,9
V3860507,7
V3860508,5
V3860509,3
V3860510,1
V3860511,9
V3860512,7
V3860513,5
V3860514,3
V3860515,0
V3860516,8
V3860517,6
V3860518,4
V3860519,2
V3860520,0
V3860521,8
V3860522,6
V3860523,4
V3860524,2
V3860525,9
V3860526,7
V3860527,5
V3860528,3
V3860529,1
V3860530,9
V3860531,7
V3860532,5
V3860533,3
V3860534,1
V3860535,8
V3860536,6
V3860537,4
V3860538,2
V3860539,0
V3860540,8
V3860541,6
V3860542,4
V3860543,2
V3860544,0
V3860545,7
V3860546,5
V3860547,3
V3860548,1
V3860549,9
V3860550,7
V3860551,5
V3860552,3
V3860553,1
V3860554,9
V3860555,6
V3860556,4
V3860557,2
V3860558,0
V3860559,8
V3860560,6
V3860561,4
V3860562,2
V3860563,0
V3860564,8
V3860565,5
V3860566,3
V3860567,1
V3860568,9
V3860569,7
V3860570,5
V3860571,3
V3860572,1
V3860573,9
V3860574,7
V3860575,4
V3860576,2
V3860577,0
V3860578,8
V3860579,6
V3860580,4
V3860581,2
V3860582,0
V3860583,8
V3860584,6
V3860585,3
V3860586,1
V3860587,9
V3860588,7
V3860589,5
V3860590,3
V3860591,1
V3860592,9
V3860593,7
V3860594,5
V3860595,2
V3860596,0
V3860597,8
V3860598,6
V3860599,4
V3860600,0
V3860601,8
V3860602,6
V3860603,4
V3860604,2
V3860605,9
V3860606,7
V3860607,5
V3860608,3
V3860609,1
V3860610,9
V3860611,7
V3860612,5
V3860613,3
V3860614,1
V3860615,8
V3860616,6
V3860617,4
V3860618,2
V3860619,0
V3860620,8
V3860621,6
V3860622,4
V3860623,2
V3860624,0
V3860625,7
V3860626,5
V3860627,3
V3860628,1
V3860629,9
V3860630,7
V3860631,5
V3860632,3
V3860633,1
V3860634,9
V3860635,6
V3860636,4
V3860637,2
V3860638,0
V3860639,8
V3860640,6
V3860641,4
V3860642,2
V3860643,0
V3860644,8
V3860645,5
V3860646,3
V3860647,1
V3860648,9
V3860649,7
V3860650,5
V3860651,3
V3860652,1
V3860653,9
V3860654,7
V3860655,4
V3860656,2
V3860657,0
V3860658,8
V3860659,6
V3860660,4
V3860661,2
V3860662,0
V3860663,8
V3860664,6
V3860665,3
V3860666,1
V3860667,9
V3860668,7
V3860669,5
V3860670,3
V3860671,1
V3860672,9
V3860673,7
V3860674,5
V3860675,2
V3860676,0
V3860677,8
V3860678,6
V3860679,4
V3860680,2
V3860681,0
V3860682,8
V3860683,6
V3860684,4
V3860685,1
V3860686,9
V3860687,7
V3860688,5
V3860689,3
V3860690,1
V3860691,9
V3860692,7
V3860693,5
V3860694,3
V3860695,0
V3860696,8
V3860697,6
V3860698,4
V3860699,2
V3860700,8
V3860701,6
V3860702,4
V3860703,2
V3860704,0
V3860705,7
V3860706,5
V3860707,3
V3860708,1
V3860709,9
V3860710,7
V3860711,5
V3860712,3
V3860713,1
V3860714,9
V3860715,6
V3860716,4
V3860717,2
V3860718,0
V3860719,8
V3860720,6
V3860721,4
V3860722,2
V3860723,0
V3860724,8
V3860725,5
V3860726,3
V3860727,1
V3860728,9
V3860729,7
V3860730,5
V3860731,3
V3860732,1
V3860733,9
V3860734,7
V3860735,4
V3860736,2
V3860737,0
V3860738,8
V3860739,6
V3860740,4
V3860741,2
V3860742,0
V3860743,8
V3860744,6
V3860745,3
V3860746,1
V3860747,9
V3860748,7
V3860749,5
V3860750,3
V3860751,1
V3860752,9
V3860753,7
V3860754,5
V3860755,2
V3860756,0
V3860757,8
V3860758,6
V3860759,4
V3860760,2
V3860761,0
V3860762,8
V3860763,6
V3860764,4
V3860765,1
V3860766,9
V3860767,7
V3860768,5
V3860769,3
V3860770,1
V3860771,9
V3860772,7
V3860773,5
V3860774,3
V3860775,0
V3860776,8
V3860777,6
V3860778,4
V3860779,2
V3860780,0
V3860781,8
V3860782,6
V3860783,4
V3860784,2
V3860785,9
V3860786,7
V3860787,5
V3860788,3
V3860789,1
V3860790,9
V3860791,7
V3860792,5
V3860793,3
V3860794,1
V3860795,8
V3860796,6
V3860797,4
V3860798,2
V3860799,0
V3860800,6
V3860801,4
V3860802,2
V3860803,0
V3860804,8
V3860805,5
V3860806,3
V3860807,1
V3860808,9
V3860809,7
V3860810,5
V3860811,3
V3860812,1
V3860813,9
V3860814,7
V3860815,4
V3860816,2
V3860817,0
V3860818,8
V3860819,6
V3860820,4
V3860821,2
V3860822,0
V3860823,8
V3860824,6
V3860825,3
V3860826,1
V3860827,9
V3860828,7
V3860829,5
V3860830,3
V3860831,1
V3860832,9
V3860833,7
V3860834,5
V3860835,2
V3860836,0
V3860837,8
V3860838,6
V3860839,4
V3860840,2
V3860841,0
V3860842,8
V3860843,6
V3860844,4
V3860845,1
V3860846,9
V3860847,7
V3860848,5
V3860849,3
V3860850,1
V3860851,9
V3860852,7
V3860853,5
V3860854,3
V3860855,0
V3860856,8
V3860857,6
V3860858,4
V3860859,2
V3860860,0
V3860861,8
V3860862,6
V3860863,4
V3860864,2
V3860865,9
V3860866,7
V3860867,5
V3860868,3
V3860869,1
V3860870,9
V3860871,7
V3860872,5
V3860873,3
V3860874,1
V3860875,8
V3860876,6
V3860877,4
V3860878,2
V3860879,0
V3860880,8
V3860881,6
V3860882,4
V3860883,2
V3860884,0
V3860885,7
V3860886,5
V3860887,3
V3860888,1
V3860889,9
V3860890,7
V3860891,5
V3860892,3
V3860893,1
V3860894,9
V3860895,6
V3860896,4
V3860897,2
V3860898,0
V3860899,8
V3860900,4
V3860901,2
V3860902,0
V3860903,8
V3860904,6
V3860905,3
V3860906,1
V3860907,9
V3860908,7
V3860909,5
V3860910,3
V3860911,1
V3860912,9
V3860913,7
V3860914,5
V3860915,2
V3860916,0
V3860917,8
V3860918,6
V3860919,4
V3860920,2
V3860921,0
V3860922,8
V3860923,6
V3860924,4
V3860925,1
V3860926,9
V3860927,7
V3860928,5
V3860929,3
V3860930,1
V3860931,9
V3860932,7
V3860933,5
V3860934,3
V3860935,0
V3860936,8
V3860937,6
V3860938,4
V3860939,2
V3860940,0
V3860941,8
V3860942,6
V3860943,4
V3860944,2
V3860945,9
V3860946,7
V3860947,5
V3860948,3
V3860949,1
V3860950,9
V3860951,7
V3860952,5
V3860953,3
V3860954,1
V3860955,8
V3860956,6
V3860957,4
V3860958,2
V3860959,0
V3860960,8
V3860961,6
V3860962,4
V3860963,2
V3860964,0
V3860965,7
V3860966,5
V3860967,3
V3860968,1
V3860969,9
V3860970,7
V3860971,5
V3860972,3
V3860973,1
V3860974,9
V3860975,6
V3860976,4
V3860977,2
V3860978,0
V3860979,8
V3860980,6
V3860981,4
V3860982,2
V3860983,0
V3860984,8
V3860985,5
V3860986,3
V3860987,1
V3860988,9
V3860989,7
V3860990,5
V3860991,3
V3860992,1
V3860993,9
V3860994,7
V3860995,4
V3860996,2
V3860997,0
V3860998,8
V3860999,6
V3861000,2
V3861001,0
V3861002,8
V3861003,6
V3861004,4
V3861005,1
V3861006,9
V3861007,7
V3861008,5
V3861009,3
V3861010,1
V3861011,9
V3861012,7
V3861013,5
V3861014,3
V3861015,0
V3861016,8
V3861017,6
V3861018,4
V3861019,2
V3861020,0
V3861021,8
V3861022,6
V3861023,4
V3861024,2
V3861025,9
V3861026,7
V3861027,5
V3861028,3
V3861029,1
V3861030,9
V3861031,7
V3861032,5
V3861033,3
V3861034,1
V3861035,8
V3861036,6
V3861037,4
V3861038,2
V3861039,0
V3861040,8
V3861041,6
V3861042,4
V3861043,2
V3861044,0
V3861045,7
V3861046,5
V3861047,3
V3861048,1
V3861049,9
V3861050,7
V3861051,5
V3861052,3
V3861053,1
V3861054,9
V3861055,6
V3861056,4
V3861057,2
V3861058,0
V3861059,8
V3861060,6
V3861061,4
V3861062,2
V3861063,0
V3861064,8
V3861065,5
V3861066,3
V3861067,1
V3861068,9
V3861069,7
V3861070,5
V3861071,3
V3861072,1
V3861073,9
V3861074,7
V3861075,4
V3861076,2
V3861077,0
V3861078,8
V3861079,6
V3861080,4
V3861081,2
V3861082,0
V3861083,8
V3861084,6
V3861085,3
V3861086,1
V3861087,9
V3861088,7
V3861089,5
V3861090,3
V3861091,1
V3861092,9
V3861093,7
V3861094,5
V3861095,2
V3861096,0
V3861097,8
V3861098,6
V3861099,4
V3861100,0
V3861101,8
V3861102,6
V3861103,4
V3861104,2
V3861105,9
V3861106,7
V3861107,5
V3861108,3
V3861109,1
V3861110,9
V3861111,7
V3861112,5
V3861113,3
V3861114,1
V3861115,8
V3861116,6
V3861117,4
V3861118,2
V3861119,0
V3861120,8
V3861121,6
V3861122,4
V3861123,2
V3861124,0
V3861125,7
V3861126,5
V3861127,3
V3861128,1
V3861129,9
V3861130,7
V3861131,5
V3861132,3
V3861133,1
V3861134,9
V3861135,6
V3861136,4
V3861137,2
V3861138,0
V3861139,8
V3861140,6
V3861141,4
V3861142,2
V3861143,0
V3861144,8
V3861145,5
V3861146,3
V3861147,1
V3861148,9
V3861149,7
V3861150,5
V3861151,3
V3861152,1
V3861153,9
V3861154,7
V3861155,4
V3861156,2
V3861157,0
V3861158,8
V3861159,6
V3861160,4
V3861161,2
V3861162,0
V3861163,8
V3861164,6
V3861165,3
V3861166,1
V3861167,9
V3861168,7
V3861169,5
V3861170,3
V3861171,1
V3861172,9
V3861173,7
V3861174,5
V3861175,2
V3861176,0
V3861177,8
V3861178,6
V3861179,4
V3861180,2
V3861181,0
V3861182,8
V3861183,6
V3861184,4
V3861185,1
V3861186,9
V3861187,7
V3861188,5
V3861189,3
V3861190,1
V3861191,9
V3861192,7
V3861193,5
V3861194,3
V3861195,0
V3861196,8
V3861197,6
V3861198,4
V3861199,2
V3861200,8
V3861201,6
V3861202,4
V3861203,2
V3861204,0
V3861205,7
V3861206,5
V3861207,3
V3861208,1
V3861209,9
V3861210,7
V3861211,5
V3861212,3
V3861213,1
V3861214,9
V3861215,6
V3861216,4
V3861217,2
V3861218,0
V3861219,8
V3861220,6
V3861221,4
V3861222,2
V3861223,0
V3861224,8
V3861225,5
V3861226,3
V3861227,1
V3861228,9
V3861229,7
V3861230,5
V3861231,3
V3861232,1
V3861233,9
V3861234,7
V3861235,4
V3861236,2
V3861237,0
V3861238,8
V3861239,6
V3861240,4
V3861241,2
V3861242,0
V3861243,8
V3861244,6
V3861245,3
V3861246,1
V3861247,9
V3861248,7
V3861249,5
V3861250,3
V3861251,1
V3861252,9
V3861253,7
V3861254,5
V3861255,2
V3861256,0
V3861257,8
V3861258,6
V3861259,4
V3861260,2
V3861261,0
V3861262,8
V3861263,6
V3861264,4
V3861265,1
V3861266,9
V3861267,7
V3861268,5
V3861269,3
V3861270,1
V3861271,9
V3861272,7
V3861273,5
V3861274,3
V3861275,0
V3861276,8
V3861277,6
V3861278,4
V3861279,2
V3861280,0
V3861281,8
V3861282,6
V3861283,4
V3861284,2
V3861285,9
V3861286,7
V3861287,5
V3861288,3
V3861289,1
V3861290,9
V3861291,7
V3861292,5
V3861293,3
V3861294,1
V3861295,8
V3861296,6
V3861297,4
V3861298,2
V3861299,0
V3861300,6
V3861301,4
V3861302,2
V3861303,0
V3861304,8
V3861305,5
V3861306,3
V3861307,1
V3861308,9
V3861309,7
V3861310,5
V3861311,3
V3861312,1
V3861313,9
V3861314,7
V3861315,4
V3861316,2
V3861317,0
V3861318,8
V3861319,6
V3861320,4
V3861321,2
V3861322,0
V3861323,8
V3861324,6
V3861325,3
V3861326,1
V3861327,9
V3861328,7
V3861329,5
V3861330,3
V3861331,1
V3861332,9
V3861333,7
V3861334,5
V3861335,2
V3861336,0
V3861337,8
V3861338,6
V3861339,4
V3861340,2
V3861341,0
V3861342,8
V3861343,6
V3861344,4
V3861345,1
V3861346,9
V3861347,7
V3861348,5
V3861349,3
V3861350,1
V3861351,9
V3861352,7
V3861353,5
V3861354,3
V3861355,0
V3861356,8
V3861357,6
V3861358,4
V3861359,2
V3861360,0
V3861361,8
V3861362,6
V3861363,4
V3861364,2
V3861365,9
V3861366,7
V3861367,5
V3861368,3
V3861369,1
V3861370,9
V3861371,7
V3861372,5
V3861373,3
V3861374,1
V3861375,8
V3861376,6
V3861377,4
V3861378,2
V3861379,0
V3861380,8
V3861381,6
V3861382,4
V3861383,2
V3861384,0
V3861385,7
V3861386,5
V3861387,3
V3861388,1
V3861389,9
V3861390,7
V3861391,5
V3861392,3
V3861393,1
V3861394,9
V3861395,6
V3861396,4
V3861397,2
V3861398,0
V3861399,8
V3861400,4
V3861401,2
V3861402,0
V3861403,8
V3861404,6
V3861405,3
V3861406,1
V3861407,9
V3861408,7
V3861409,5
V3861410,3
V3861411,1
V3861412,9
V3861413,7
V3861414,5
V3861415,2
V3861416,0
V3861417,8
V3861418,6
V3861419,4
V3861420,2
V3861421,0
V3861422,8
V3861423,6
V3861424,4
V3861425,1
V3861426,9
V3861427,7
V3861428,5
V3861429,3
V3861430,1
V3861431,9
V3861432,7
V3861433,5
V3861434,3
V3861435,0
V3861436,8
V3861437,6
V3861438,4
V3861439,2
V3861440,0
V3861441,8
V3861442,6
V3861443,4
V3861444,2
V3861445,9
V3861446,7
V3861447,5
V3861448,3
V3861449,1
V3861450,9
V3861451,7
V3861452,5
V3861453,3
V3861454,1
V3861455,8
V3861456,6
V3861457,4
V3861458,2
V3861459,0
V3861460,8
V3861461,6
V3861462,4
V3861463,2
V3861464,0
V3861465,7
V3861466,5
V3861467,3
V3861468,1
V3861469,9
V3861470,7
V3861471,5
V3861472,3
V3861473,1
V3861474,9
V3861475,6
V3861476,4
V3861477,2
V3861478,0
V3861479,8
V3861480,6
V3861481,4
V3861482,2
V3861483,0
V3861484,8
V3861485,5
V3861486,3
V3861487,1
V3861488,9
V3861489,7
V3861490,5
V3861491,3
V3861492,1
V3861493,9
V3861494,7
V3861495,4
V3861496,2
V3861497,0
V3861498,8
V3861499,6
V3861500,1
V3861501,9
V3861502,7
V3861503,5
V3861504,3
V3861505,0
V3861506,8
V3861507,6
V3861508,4
V3861509,2
V3861510,0
V3861511,8
V3861512,6
V3861513,4
V3861514,2
V3861515,9
V3861516,7
V3861517,5
V3861518,3
V3861519,1
V3861520,9
V3861521,7
V3861522,5
V3861523,3
V3861524,1
V3861525,8
V3861526,6
V3861527,4
V3861528,2
V3861529,0
V3861530,8
V3861531,6
V3861532,4
V3861533,2
V3861534,0
V3861535,7
V3861536,5
V3861537,3
V3861538,1
V3861539,9
V3861540,7
V3861541,5
V3861542,3
V3861543,1
V3861544,9
V3861545,6
V3861546,4
V3861547,2
V3861548,0
V3861549,8
V3861550,6
V3861551,4
V3861552,2
V3861553,0
V3861554,8
V3861555,5
V3861556,3
V3861557,1
V3861558,9
V3861559,7
V3861560,5
V3861561,3
V3861562,1
V3861563,9
V3861564,7
V3861565,4
V3861566,2
V3861567,0
V3861568,8
V3861569,6
V3861570,4
V3861571,2
V3861572,0
V3861573,8
V3861574,6
V3861575,3
V3861576,1
V3861577,9
V3861578,7
V3861579,5
V3861580,3
V3861581,1
V3861582,9
V3861583,7
V3861584,5
V3861585,2
V3861586,0
V3861587,8
V3861588,6
V3861589,4
V3861590,2
V3861591,0
V3861592,8
V3861593,6
V3861594,4
V3861595,1
V3861596,9
V3861597,7
V3861598,5
V3861599,3
V3861600,9
V3861601,7
V3861602,5
V3861603,3
V3861604,1
V3861605,8
V3861606,6
V3861607,4
V3861608,2
V3861609,0
V3861610,8
V3861611,6
V3861612,4
V3861613,2
V3861614,0
V3861615,7
V3861616,5
V3861617,3
V3861618,1
V3861619,9
V3861620,7
V3861621,5
V3861622,3
V3861623,1
V3861624,9
V3861625,6
V3861626,4
V3861627,2
V3861628,0
V3861629,8
V3861630,6
V3861631,4
V3861632,2
V3861633,0
V3861634,8
V3861635,5
V3861636,3
V3861637,1
V3861638,9
V3861639,7
V3861640,5
V3861641,3
V3861642,1
V3861643,9
V3861644,7
V3861645,4
V3861646,2
V3861647,0
V3861648,8
V3861649,6
V3861650,4
V3861651,2
V3861652,0
V3861653,8
V3861654,6
V3861655,3
V3861656,1
V3861657,9
V3861658,7
V3861659,5
V3861660,3
V3861661,1
V3861662,9
V3861663,7
V3861664,5
V3861665,2
V3861666,0
V3861667,8
V3861668,6
V3861669,4
V3861670,2
V3861671,0
V3861672,8
V3861673,6
V3861674,4
V3861675,1
V3861676,9
V3861677,7
V3861678,5
V3861679,3
V3861680,1
V3861681,9
V3861682,7
V3861683,5
V3861684,3
V3861685,0
V3861686,8
V3861687,6
V3861688,4
V3861689,2
V3861690,0
V3861691,8
V3861692,6
V3861693,4
V3861694,2
V3861695,9
V3861696,7
V3861697,5
V3861698,3
V3861699,1
V3861700,7
V3861701,5
V3861702,3
V3861703,1
V3861704,9
V3861705,6
V3861706,4
V3861707,2
V3861708,0
V3861709,8
V3861710,6
V3861711,4
V3861712,2
V3861713,0
V3861714,8
V3861715,5
V3861716,3
V3861717,1
V3861718,9
V3861719,7
V3861720,5
V3861721,3
V3861722,1
V3861723,9
V3861724,7
V3861725,4
V3861726,2
V3861727,0
V3861728,8
V3861729,6
V3861730,4
V3861731,2
V3861732,0
V3861733,8
V3861734,6
V3861735,3
V3861736,1
V3861737,9
V3861738,7
V3861739,5
V3861740,3
V3861741,1
V3861742,9
V3861743,7
V3861744,5
V3861745,2
V3861746,0
V3861747,8
V3861748,6
V3861749,4
V3861750,2
V3861751,0
V3861752,8
V3861753,6
V3861754,4
V3861755,1
V3861756,9
V3861757,7
V3861758,5
V3861759,3
V3861760,1
V3861761,9
V3861762,7
V3861763,5
V3861764,3
V3861765,0
V3861766,8
V3861767,6
V3861768,4
V3861769,2
V3861770,0
V3861771,8
V3861772,6
V3861773,4
V3861774,2
V3861775,9
V3861776,7
V3861777,5
V3861778,3
V3861779,1
V3861780,9
V3861781,7
V3861782,5
V3861783,3
V3861784,1
V3861785,8
V3861786,6
V3861787,4
V3861788,2
V3861789,0
V3861790,8
V3861791,6
V3861792,4
V3861793,2
V3861794,0
V3861795,7
V3861796,5
V3861797,3
V3861798,1
V3861799,9
V3861800,5
V3861801,3
V3861802,1
V3861803,9
V3861804,7
V3861805,4
V3861806,2
V3861807,0
V3861808,8
V3861809,6
V3861810,4
V3861811,2
V3861812,0
V3861813,8
V3861814,6
V3861815,3
V3861816,1
V3861817,9
V3861818,7
V3861819,5
V3861820,3
V3861821,1
V3861822,9
V3861823,7
V3861824,5
V3861825,2
V3861826,0
V3861827,8
V3861828,6
V3861829,4
V3861830,2
V3861831,0
V3861832,8
V3861833,6
V3861834,4
V3861835,1
V3861836,9
V3861837,7
V3861838,5
V3861839,3
V3861840,1
V3861841,9
V3861842,7
V3861843,5
V3861844,3
V3861845,0
V3861846,8
V3861847,6
V3861848,4
V3861849,2
V3861850,0
V3861851,8
V3861852,6
V3861853,4
V3861854,2
V3861855,9
V3861856,7
V3861857,5
V3861858,3
V3861859,1
V3861860,9
V3861861,7
V3861862,5
V3861863,3
V3861864,1
V3861865,8
V3861866,6
V3861867,4
V3861868,2
V3861869,0
V3861870,8
V3861871,6
V3861872,4
V3861873,2
V3861874,0
V3861875,7
V3861876,5
V3861877,3
V3861878,1
V3861879,9
V3861880,7
V3861881,5
V3861882,3
V3861883,1
V3861884,9
V3861885,6
V3861886,4
V3861887,2
V3861888,0
V3861889,8
V3861890,6
V3861891,4
V3861892,2
V3861893,0
V3861894,8
V3861895,5
V3861896,3
V3861897,1
V3861898,9
V3861899,7
V3861900,3
V3861901,1
V3861902,9
V3861903,7
V3861904,5
V3861905,2
V3861906,0
V3861907,8
V3861908,6
V3861909,4
V3861910,2
V3861911,0
V3861912,8
V3861913,6
V3861914,4
V3861915,1
V3861916,9
V3861917,7
V3861918,5
V3861919,3
V3861920,1
V3861921,9
V3861922,7
V3861923,5
V3861924,3
V3861925,0
V3861926,8
V3861927,6
V3861928,4
V3861929,2
V3861930,0
V3861931,8
V3861932,6
V3861933,4
V3861934,2
V3861935,9
V3861936,7
V3861937,5
V3861938,3
V3861939,1
V3861940,9
V3861941,7
V3861942,5
V3861943,3
V3861944,1
V3861945,8
V3861946,6
V3861947,4
V3861948,2
V3861949,0
V3861950,8
V3861951,6
V3861952,4
V3861953,2
V3861954,0
V3861955,7
V3861956,5
V3861957,3
V3861958,1
V3861959,9
V3861960,7
V3861961,5
V3861962,3
V3861963,1
V3861964,9
V3861965,6
V3861966,4
V3861967,2
V3861968,0
V3861969,8
V3861970,6
V3861971,4
V3861972,2
V3861973,0
V3861974,8
V3861975,5
V3861976,3
V3861977,1
V3861978,9
V3861979,7
V3861980,5
V3861981,3
V3861982,1
V3861983,9
V3861984,7
V3861985,4
V3861986,2
V3861987,0
V3861988,8
V3861989,6
V3861990,4
V3861991,2
V3861992,0
V3861993,8
V3861994,6
V3861995,3
V3861996,1
V3861997,9
V3861998,7
V3861999,5
V3862000,1
V3862001,9
V3862002,7
V3862003,5
V3862004,3
V3862005,0
V3862006,8
V3862007,6
V3862008,4
V3862009,2
V3862010,0
V3862011,8
V3862012,6
V3862013,4
V3862014,2
V3862015,9
V3862016,7
V3862017,5
V3862018,3
V3862019,1
V3862020,9
V3862021,7
V3862022,5
V3862023,3
V3862024,1
V3862025,8
V3862026,6
V3862027,4
V3862028,2
V3862029,0
V3862030,8
V3862031,6
V3862032,4
V3862033,2
V3862034,0
V3862035,7
V3862036,5
V3862037,3
V3862038,1
V3862039,9
V3862040,7
V3862041,5
V3862042,3
V3862043,1
V3862044,9
V3862045,6
V3862046,4
V3862047,2
V3862048,0
V3862049,8
V3862050,6
V3862051,4
V3862052,2
V3862053,0
V3862054,8
V3862055,5
V3862056,3
V3862057,1
V3862058,9
V3862059,7
V3862060,5
V3862061,3
V3862062,1
V3862063,9
V3862064,7
V3862065,4
V3862066,2
V3862067,0
V3862068,8
V3862069,6
V3862070,4
V3862071,2
V3862072,0
V3862073,8
V3862074,6
V3862075,3
V3862076,1
V3862077,9
V3862078,7
V3862079,5
V3862080,3
V3862081,1
V3862082,9
V3862083,7
V3862084,5
V3862085,2
V3862086,0
V3862087,8
V3862088,6
V3862089,4
V3862090,2
V3862091,0
V3862092,8
V3862093,6
V3862094,4
V3862095,1
V3862096,9
V3862097,7
V3862098,5
V3862099,3
V3862100,9
V3862101,7
V3862102,5
V3862103,3
V3862104,1
V3862105,8
V3862106,6
V3862107,4
V3862108,2
V3862109,0
V3862110,8
V3862111,6
V3862112,4
V3862113,2
V3862114,0
V3862115,7
V3862116,5
V3862117,3
V3862118,1
V3862119,9
V3862120,7
V3862121,5
V3862122,3
V3862123,1
V3862124,9
V3862125,6
V3862126,4
V3862127,2
V3862128,0
V3862129,8
V3862130,6
V3862131,4
V3862132,2
V3862133,0
V3862134,8
V3862135,5
V3862136,3
V3862137,1
V3862138,9
V3862139,7
V3862140,5
V3862141,3
V3862142,1
V3862143,9
V3862144,7
V3862145,4
V3862146,2
V3862147,0
V3862148,8
V3862149,6
V3862150,4
V3862151,2
V3862152,0
V3862153,8
V3862154,6
V3862155,3
V3862156,1
V3862157,9
V3862158,7
V3862159,5
V3862160,3
V3862161,1
V3862162,9
V3862163,7
V3862164,5
V3862165,2
V3862166,0
V3862167,8
V3862168,6
V3862169,4
V3862170,2
V3862171,0
V3862172,8
V3862173,6
V3862174,4
V3862175,1
V3862176,9
V3862177,7
V3862178,5
V3862179,3
V3862180,1
V3862181,9
V3862182,7
V3862183,5
V3862184,3
V3862185,0
V3862186,8
V3862187,6
V3862188,4
V3862189,2
V3862190,0
V3862191,8
V3862192,6
V3862193,4
V3862194,2
V3862195,9
V3862196,7
V3862197,5
V3862198,3
V3862199,1
V3862200,7
V3862201,5
V3862202,3
V3862203,1
V3862204,9
V3862205,6
V3862206,4
V3862207,2
V3862208,0
V3862209,8
V3862210,6
V3862211,4
V3862212,2
V3862213,0
V3862214,8
V3862215,5
V3862216,3
V3862217,1
V3862218,9
V3862219,7
V3862220,5
V3862221,3
V3862222,1
V3862223,9
V3862224,7
V3862225,4
V3862226,2
V3862227,0
V3862228,8
V3862229,6
V3862230,4
V3862231,2
V3862232,0
V3862233,8
V3862234,6
V3862235,3
V3862236,1
V3862237,9
V3862238,7
V3862239,5
V3862240,3
V3862241,1
V3862242,9
V3862243,7
V3862244,5
V3862245,2
V3862246,0
V3862247,8
V3862248,6
V3862249,4
V3862250,2
V3862251,0
V3862252,8
V3862253,6
V3862254,4
V3862255,1
V3862256,9
V3862257,7
V3862258,5
V3862259,3
V3862260,1
V3862261,9
V3862262,7
V3862263,5
V3862264,3
V3862265,0
V3862266,8
V3862267,6
V3862268,4
V3862269,2
V3862270,0
V3862271,8
V3862272,6
V3862273,4
V3862274,2
V3862275,9
V3862276,7
V3862277,5
V3862278,3
V3862279,1
V3862280,9
V3862281,7
V3862282,5
V3862283,3
V3862284,1
V3862285,8
V3862286,6
V3862287,4
V3862288,2
V3862289,0
V3862290,8
V3862291,6
V3862292,4
V3862293,2
V3862294,0
V3862295,7
V3862296,5
V3862297,3
V3862298,1
V3862299,9
V3862300,5
V3862301,3
V3862302,1
V3862303,9
V3862304,7
V3862305,4
V3862306,2
V3862307,0
V3862308,8
V3862309,6
V3862310,4
V3862311,2
V3862312,0
V3862313,8
V3862314,6
V3862315,3
V3862316,1
V3862317,9
V3862318,7
V3862319,5
V3862320,3
V3862321,1
V3862322,9
V3862323,7
V3862324,5
V3862325,2
V3862326,0
V3862327,8
V3862328,6
V3862329,4
V3862330,2
V3862331,0
V3862332,8
V3862333,6
V3862334,4
V3862335,1
V3862336,9
V3862337,7
V3862338,5
V3862339,3
V3862340,1
V3862341,9
V3862342,7
V3862343,5
V3862344,3
V3862345,0
V3862346,8
V3862347,6
V3862348,4
V3862349,2
V3862350,0
V3862351,8
V3862352,6
V3862353,4
V3862354,2
V3862355,9
V3862356,7
V3862357,5
V3862358,3
V3862359,1
V3862360,9
V3862361,7
V3862362,5
V3862363,3
V3862364,1
V3862365,8
V3862366,6
V3862367,4
V3862368,2
V3862369,0
V3862370,8
V3862371,6
V3862372,4
V3862373,2
V3862374,0
V3862375,7
V3862376,5
V3862377,3
V3862378,1
V3862379,9
V3862380,7
V3862381,5
V3862382,3
V3862383,1
V3862384,9
V3862385,6
V3862386,4
V3862387,2
V3862388,0
V3862389,8
V3862390,6
V3862391,4
V3862392,2
V3862393,0
V3862394,8
V3862395,5
V3862396,3
V3862397,1
V3862398,9
V3862399,7
V3862400,3
V3862401,1
V3862402,9
V3862403,7
V3862404,5
V3862405,2
V3862406,0
V3862407,8
V3862408,6
V3862409,4
V3862410,2
V3862411,0
V3862412,8
V3862413,6
V3862414,4
V3862415,1
V3862416,9
V3862417,7
V3862418,5
V3862419,3
V3862420,1
V3862421,9
V3862422,7
V3862423,5
V3862424,3
V3862425,0
V3862426,8
V3862427,6
V3862428,4
V3862429,2
V3862430,0
V3862431,8
V3862432,6
V3862433,4
V3862434,2
V3862435,9
V3862436,7
V3862437,5
V3862438,3
V3862439,1
V3862440,9
V3862441,7
V3862442,5
V3862443,3
V3862444,1
V3862445,8
V3862446,6
V3862447,4
V3862448,2
V3862449,0
V3862450,8
V3862451,6
V3862452,4
V3862453,2
V3862454,0
V3862455,7
V3862456,5
V3862457,3
V3862458,1
V3862459,9
V3862460,7
V3862461,5
V3862462,3
V3862463,1
V3862464,9
V3862465,6
V3862466,4
V3862467,2
V3862468,0
V3862469,8
V3862470,6
V3862471,4
V3862472,2
V3862473,0
V3862474,8
V3862475,5
V3862476,3
V3862477,1
V3862478,9
V3862479,7
V3862480,5
V3862481,3
V3862482,1
V3862483,9
V3862484,7
V3862485,4
V3862486,2
V3862487,0
V3862488,8
V3862489,6
V3862490,4
V3862491,2
V3862492,0
V3862493,8
V3862494,6
V3862495,3
V3862496,1
V3862497,9
V3862498,7
V3862499,5
V3862500,0
V3862501,8
V3862502,6
V3862503,4
V3862504,2
V3862505,9
V3862506,7
V3862507,5
V3862508,3
V3862509,1
V3862510,9
V3862511,7
V3862512,5
V3862513,3
V3862514,1
V3862515,8
V3862516,6
V3862517,4
V3862518,2
V3862519,0
V3862520,8
V3862521,6
V3862522,4
V3862523,2
V3862524,0
V3862525,7
V3862526,5
V3862527,3
V3862528,1
V3862529,9
V3862530,7
V3862531,5
V3862532,3
V3862533,1
V3862534,9
V3862535,6
V3862536,4
V3862537,2
V3862538,0
V3862539,8
V3862540,6
V3862541,4
V3862542,2
V3862543,0
V3862544,8
V3862545,5
V3862546,3
V3862547,1
V3862548,9
V3862549,7
V3862550,5
V3862551,3
V3862552,1
V3862553,9
V3862554,7
V3862555,4
V3862556,2
V3862557,0
V3862558,8
V3862559,6
V3862560,4
V3862561,2
V3862562,0
V3862563,8
V3862564,6
V3862565,3
V3862566,1
V3862567,9
V3862568,7
V3862569,5
V3862570,3
V3862571,1
V3862572,9
V3862573,7
V3862574,5
V3862575,2
V3862576,0
V3862577,8
V3862578,6
V3862579,4
V3862580,2
V3862581,0
V3862582,8
V3862583,6
V3862584,4
V3862585,1
V3862586,9
V3862587,7
V3862588,5
V3862589,3
V3862590,1
V3862591,9
V3862592,7
V3862593,5
V3862594,3
V3862595,0
V3862596,8
V3862597,6
V3862598,4
V3862599,2
V3862600,8
V3862601,6
V3862602,4
V3862603,2
V3862604,0
V3862605,7
V3862606,5
V3862607,3
V3862608,1
V3862609,9
V3862610,7
V3862611,5
V3862612,3
V3862613,1
V3862614,9
V3862615,6
V3862616,4
V3862617,2
V3862618,0
V3862619,8
V3862620,6
V3862621,4
V3862622,2
V3862623,0
V3862624,8
V3862625,5
V3862626,3
V3862627,1
V3862628,9
V3862629,7
V3862630,5
V3862631,3
V3862632,1
V3862633,9
V3862634,7
V3862635,4
V3862636,2
V3862637,0
V3862638,8
V3862639,6
V3862640,4
V3862641,2
V3862642,0
V3862643,8
V3862644,6
V3862645,3
V3862646,1
V3862647,9
V3862648,7
V3862649,5
V3862650,3
V3862651,1
V3862652,9
V3862653,7
V3862654,5
V3862655,2
V3862656,0
V3862657,8
V3862658,6
V3862659,4
V3862660,2
V3862661,0
V3862662,8
V3862663,6
V3862664,4
V3862665,1
V3862666,9
V3862667,7
V3862668,5
V3862669,3
V3862670,1
V3862671,9
V3862672,7
V3862673,5
V3862674,3
V3862675,0
V3862676,8
V3862677,6
V3862678,4
V3862679,2
V3862680,0
V3862681,8
V3862682,6
V3862683,4
V3862684,2
V3862685,9
V3862686,7
V3862687,5
V3862688,3
V3862689,1
V3862690,9
V3862691,7
V3862692,5
V3862693,3
V3862694,1
V3862695,8
V3862696,6
V3862697,4
V3862698,2
V3862699,0
V3862700,6
V3862701,4
V3862702,2
V3862703,0
V3862704,8
V3862705,5
V3862706,3
V3862707,1
V3862708,9
V3862709,7
V3862710,5
V3862711,3
V3862712,1
V3862713,9
V3862714,7
V3862715,4
V3862716,2
V3862717,0
V3862718,8
V3862719,6
V3862720,4
V3862721,2
V3862722,0
V3862723,8
V3862724,6
V3862725,3
V3862726,1
V3862727,9
V3862728,7
V3862729,5
V3862730,3
V3862731,1
V3862732,9
V3862733,7
V3862734,5
V3862735,2
V3862736,0
V3862737,8
V3862738,6
V3862739,4
V3862740,2
V3862741,0
V3862742,8
V3862743,6
V3862744,4
V3862745,1
V3862746,9
V3862747,7
V3862748,5
V3862749,3
V3862750,1
V3862751,9
V3862752,7
V3862753,5
V3862754,3
V3862755,0
V3862756,8
V3862757,6
V3862758,4
V3862759,2
V3862760,0
V3862761,8
V3862762,6
V3862763,4
V3862764,2
V3862765,9
V3862766,7
V3862767,5
V3862768,3
V3862769,1
V3862770,9
V3862771,7
V3862772,5
V3862773,3
V3862774,1
V3862775,8
V3862776,6
V3862777,4
V3862778,2
V3862779,0
V3862780,8
V3862781,6
V3862782,4
V3862783,2
V3862784,0
V3862785,7
V3862786,5
V3862787,3
V3862788,1
V3862789,9
V3862790,7
V3862791,5
V3862792,3
V3862793,1
V3862794,9
V3862795,6
V3862796,4
V3862797,2
V3862798,0
V3862799,8
V3862800,4
V3862801,2
V3862802,0
V3862803,8
V3862804,6
V3862805,3
V3862806,1
V3862807,9
V3862808,7
V3862809,5
V3862810,3
V3862811,1
V3862812,9
V3862813,7
V3862814,5
V3862815,2
V3862816,0
V3862817,8
V3862818,6
V3862819,4
V3862820,2
V3862821,0
V3862822,8
V3862823,6
V3862824,4
V3862825,1
V3862826,9
V3862827,7
V3862828,5
V3862829,3
V3862830,1
V3862831,9
V3862832,7
V3862833,5
V3862834,3
V3862835,0
V3862836,8
V3862837,6
V3862838,4
V3862839,2
V3862840,0
V3862841,8
V3862842,6
V3862843,4
V3862844,2
V3862845,9
V3862846,7
V3862847,5
V3862848,3
V3862849,1
V3862850,9
V3862851,7
V3862852,5
V3862853,3
V3862854,1
V3862855,8
V3862856,6
V3862857,4
V3862858,2
V3862859,0
V3862860,8
V3862861,6
V3862862,4
V3862863,2
V3862864,0
V3862865,7
V3862866,5
V3862867,3
V3862868,1
V3862869,9
V3862870,7
V3862871,5
V3862872,3
V3862873,1
V3862874,9
V3862875,6
V3862876,4
V3862877,2
V3862878,0
V3862879,8
V3862880,6
V3862881,4
V3862882,2
V3862883,0
V3862884,8
V3862885,5
V3862886,3
V3862887,1
V3862888,9
V3862889,7
V3862890,5
V3862891,3
V3862892,1
V3862893,9
V3862894,7
V3862895,4
V3862896,2
V3862897,0
V3862898,8
V3862899,6
V3862900,2
V3862901,0
V3862902,8
V3862903,6
V3862904,4
V3862905,1
V3862906,9
V3862907,7
V3862908,5
V3862909,3
V3862910,1
V3862911,9
V3862912,7
V3862913,5
V3862914,3
V3862915,0
V3862916,8
V3862917,6
V3862918,4
V3862919,2
V3862920,0
V3862921,8
V3862922,6
V3862923,4
V3862924,2
V3862925,9
V3862926,7
V3862927,5
V3862928,3
V3862929,1
V3862930,9
V3862931,7
V3862932,5
V3862933,3
V3862934,1
V3862935,8
V3862936,6
V3862937,4
V3862938,2
V3862939,0
V3862940,8
V3862941,6
V3862942,4
V3862943,2
V3862944,0
V3862945,7
V3862946,5
V3862947,3
V3862948,1
V3862949,9
V3862950,7
V3862951,5
V3862952,3
V3862953,1
V3862954,9
V3862955,6
V3862956,4
V3862957,2
V3862958,0
V3862959,8
V3862960,6
V3862961,4
V3862962,2
V3862963,0
V3862964,8
V3862965,5
V3862966,3
V3862967,1
V3862968,9
V3862969,7
V3862970,5
V3862971,3
V3862972,1
V3862973,9
V3862974,7
V3862975,4
V3862976,2
V3862977,0
V3862978,8
V3862979,6
V3862980,4
V3862981,2
V3862982,0
V3862983,8
V3862984,6
V3862985,3
V3862986,1
V3862987,9
V3862988,7
V3862989,5
V3862990,3
V3862991,1
V3862992,9
V3862993,7
V3862994,5
V3862995,2
V3862996,0
V3862997,8
V3862998,6
V3862999,4
V3863000,0
V3863001,8
V3863002,6
V3863003,4
V3863004,2
V3863005,9
V3863006,7
V3863007,5
V3863008,3
V3863009,1
V3863010,9
V3863011,7
V3863012,5
V3863013,3
V3863014,1
V3863015,8
V3863016,6
V3863017,4
V3863018,2
V3863019,0
V3863020,8
V3863021,6
V3863022,4
V3863023,2
V3863024,0
V3863025,7
V3863026,5
V3863027,3
V3863028,1
V3863029,9
V3863030,7
V3863031,5
V3863032,3
V3863033,1
V3863034,9
V3863035,6
V3863036,4
V3863037,2
V3863038,0
V3863039,8
V3863040,6
V3863041,4
V3863042,2
V3863043,0
V3863044,8
V3863045,5
V3863046,3
V3863047,1
V3863048,9
V3863049,7
V3863050,5
V3863051,3
V3863052,1
V3863053,9
V3863054,7
V3863055,4
V3863056,2
V3863057,0
V3863058,8
V3863059,6
V3863060,4
V3863061,2
V3863062,0
V3863063,8
V3863064,6
V3863065,3
V3863066,1
V3863067,9
V3863068,7
V3863069,5
V3863070,3
V3863071,1
V3863072,9
V3863073,7
V3863074,5
V3863075,2
V3863076,0
V3863077,8
V3863078,6
V3863079,4
V3863080,2
V3863081,0
V3863082,8
V3863083,6
V3863084,4
V3863085,1
V3863086,9
V3863087,7
V3863088,5
V3863089,3
V3863090,1
V3863091,9
V3863092,7
V3863093,5
V3863094,3
V3863095,0
V3863096,8
V3863097,6
V3863098,4
V3863099,2
V3863100,8
V3863101,6
V3863102,4
V3863103,2
V3863104,0
V3863105,7
V3863106,5
V3863107,3
V3863108,1
V3863109,9
V3863110,7
V3863111,5
V3863112,3
V3863113,1
V3863114,9
V3863115,6
V3863116,4
V3863117,2
V3863118,0
V3863119,8
V3863120,6
V3863121,4
V3863122,2
V3863123,0
V3863124,8
V3863125,5
V3863126,3
V3863127,1
V3863128,9
V3863129,7
V3863130,5
V3863131,3
V3863132,1
V3863133,9
V3863134,7
V3863135,4
V3863136,2
V3863137,0
V3863138,8
V3863139,6
V3863140,4
V3863141,2
V3863142,0
V3863143,8
V3863144,6
V3863145,3
V3863146,1
V3863147,9
V3863148,7
V3863149,5
V3863150,3
V3863151,1
V3863152,9
V3863153,7
V3863154,5
V3863155,2
V3863156,0
V3863157,8
V3863158,6
V3863159,4
V3863160,2
V3863161,0
V3863162,8
V3863163,6
V3863164,4
V3863165,1
V3863166,9
V3863167,7
V3863168,5
V3863169,3
V3863170,1
V3863171,9
V3863172,7
V3863173,5
V3863174,3
V3863175,0
V3863176,8
V3863177,6
V3863178,4
V3863179,2
V3863180,0
V3863181,8
V3863182,6
V3863183,4
V3863184,2
V3863185,9
V3863186,7
V3863187,5
V3863188,3
V3863189,1
V3863190,9
V3863191,7
V3863192,5
V3863193,3
V3863194,1
V3863195,8
V3863196,6
V3863197,4
V3863198,2
V3863199,0
V3863200,6
V3863201,4
V3863202,2
V3863203,0
V3863204,8
V3863205,5
V3863206,3
V3863207,1
V3863208,9
V3863209,7
V3863210,5
V3863211,3
V3863212,1
V3863213,9
V3863214,7
V3863215,4
V3863216,2
V3863217,0
V3863218,8
V3863219,6
V3863220,4
V3863221,2
V3863222,0
V3863223,8
V3863224,6
V3863225,3
V3863226,1
V3863227,9
V3863228,7
V3863229,5
V3863230,3
V3863231,1
V3863232,9
V3863233,7
V3863234,5
V3863235,2
V3863236,0
V3863237,8
V3863238,6
V3863239,4
V3863240,2
V3863241,0
V3863242,8
V3863243,6
V3863244,4
V3863245,1
V3863246,9
V3863247,7
V3863248,5
V3863249,3
V3863250,1
V3863251,9
V3863252,7
V3863253,5
V3863254,3
V3863255,0
V3863256,8
V3863257,6
V3863258,4
V3863259,2
V3863260,0
V3863261,8
V3863262,6
V3863263,4
V3863264,2
V3863265,9
V3863266,7
V3863267,5
V3863268,3
V3863269,1
V3863270,9
V3863271,7
V3863272,5
V3863273,3
V3863274,1
V3863275,8
V3863276,6
V3863277,4
V3863278,2
V3863279,0
V3863280,8
V3863281,6
V3863282,4
V3863283,2
V3863284,0
V3863285,7
V3863286,5
V3863287,3
V3863288,1
V3863289,9
V3863290,7
V3863291,5
V3863292,3
V3863293,1
V3863294,9
V3863295,6
V3863296,4
V3863297,2
V3863298,0
V3863299,8
V3863300,4
V3863301,2
V3863302,0
V3863303,8
V3863304,6
V3863305,3
V3863306,1
V3863307,9
V3863308,7
V3863309,5
V3863310,3
V3863311,1
V3863312,9
V3863313,7
V3863314,5
V3863315,2
V3863316,0
V3863317,8
V3863318,6
V3863319,4
V3863320,2
V3863321,0
V3863322,8
V3863323,6
V3863324,4
V3863325,1
V3863326,9
V3863327,7
V3863328,5
V3863329,3
V3863330,1
V3863331,9
V3863332,7
V3863333,5
V3863334,3
V3863335,0
V3863336,8
V3863337,6
V3863338,4
V3863339,2
V3863340,0
V3863341,8
V3863342,6
V3863343,4
V3863344,2
V3863345,9
V3863346,7
V3863347,5
V3863348,3
V3863349,1
V3863350,9
V3863351,7
V3863352,5
V3863353,3
V3863354,1
V3863355,8
V3863356,6
V3863357,4
V3863358,2
V3863359,0
V3863360,8
V3863361,6
V3863362,4
V3863363,2
V3863364,0
V3863365,7
V3863366,5
V3863367,3
V3863368,1
V3863369,9
V3863370,7
V3863371,5
V3863372,3
V3863373,1
V3863374,9
V3863375,6
V3863376,4
V3863377,2
V3863378,0
V3863379,8
V3863380,6
V3863381,4
V3863382,2
V3863383,0
V3863384,8
V3863385,5
V3863386,3
V3863387,1
V3863388,9
V3863389,7
V3863390,5
V3863391,3
V3863392,1
V3863393,9
V3863394,7
V3863395,4
V3863396,2
V3863397,0
V3863398,8
V3863399,6
V3863400,2
V3863401,0
V3863402,8
V3863403,6
V3863404,4
V3863405,1
V3863406,9
V3863407,7
V3863408,5
V3863409,3
V3863410,1
V3863411,9
V3863412,7
V3863413,5
V3863414,3
V3863415,0
V3863416,8
V3863417,6
V3863418,4
V3863419,2
V3863420,0
V3863421,8
V3863422,6
V3863423,4
V3863424,2
V3863425,9
V3863426,7
V3863427,5
V3863428,3
V3863429,1
V3863430,9
V3863431,7
V3863432,5
V3863433,3
V3863434,1
V3863435,8
V3863436,6
V3863437,4
V3863438,2
V3863439,0
V3863440,8
V3863441,6
V3863442,4
V3863443,2
V3863444,0
V3863445,7
V3863446,5
V3863447,3
V3863448,1
V3863449,9
V3863450,7
V3863451,5
V3863452,3
V3863453,1
V3863454,9
V3863455,6
V3863456,4
V3863457,2
V3863458,0
V3863459,8
V3863460,6
V3863461,4
V3863462,2
V3863463,0
V3863464,8
V3863465,5
V3863466,3
V3863467,1
V3863468,9
V3863469,7
V3863470,5
V3863471,3
V3863472,1
V3863473,9
V3863474,7
V3863475,4
V3863476,2
V3863477,0
V3863478,8
V3863479,6
V3863480,4
V3863481,2
V3863482,0
V3863483,8
V3863484,6
V3863485,3
V3863486,1
V3863487,9
V3863488,7
V3863489,5
V3863490,3
V3863491,1
V3863492,9
V3863493,7
V3863494,5
V3863495,2
V3863496,0
V3863497,8
V3863498,6
V3863499,4
V3863500,9
V3863501,7
V3863502,5
V3863503,3
V3863504,1
V3863505,8
V3863506,6
V3863507,4
V3863508,2
V3863509,0
V3863510,8
V3863511,6
V3863512,4
V3863513,2
V3863514,0
V3863515,7
V3863516,5
V3863517,3
V3863518,1
V3863519,9
V3863520,7
V3863521,5
V3863522,3
V3863523,1
V3863524,9
V3863525,6
V3863526,4
V3863527,2
V3863528,0
V3863529,8
V3863530,6
V3863531,4
V3863532,2
V3863533,0
V3863534,8
V3863535,5
V3863536,3
V3863537,1
V3863538,9
V3863539,7
V3863540,5
V3863541,3
V3863542,1
V3863543,9
V3863544,7
V3863545,4
V3863546,2
V3863547,0
V3863548,8
V3863549,6
V3863550,4
V3863551,2
V3863552,0
V3863553,8
V3863554,6
V3863555,3
V3863556,1
V3863557,9
V3863558,7
V3863559,5
V3863560,3
V3863561,1
V3863562,9
V3863563,7
V3863564,5
V3863565,2
V3863566,0
V3863567,8
V3863568,6
V3863569,4
V3863570,2
V3863571,0
V3863572,8
V3863573,6
V3863574,4
V3863575,1
V3863576,9
V3863577,7
V3863578,5
V3863579,3
V3863580,1
V3863581,9
V3863582,7
V3863583,5
V3863584,3
V3863585,0
V3863586,8
V3863587,6
V3863588,4
V3863589,2
V3863590,0
V3863591,8
V3863592,6
V3863593,4
V3863594,2
V3863595,9
V3863596,7
V3863597,5
V3863598,3
V3863599,1
V3863600,7
V3863601,5
V3863602,3
V3863603,1
V3863604,9
V3863605,6
V3863606,4
V3863607,2
V3863608,0
V3863609,8
V3863610,6
V3863611,4
V3863612,2
V3863613,0
V3863614,8
V3863615,5
V3863616,3
V3863617,1
V3863618,9
V3863619,7
V3863620,5
V3863621,3
V3863622,1
V3863623,9
V3863624,7
V3863625,4
V3863626,2
V3863627,0
V3863628,8
V3863629,6
V3863630,4
V3863631,2
V3863632,0
V3863633,8
V3863634,6
V3863635,3
V3863636,1
V3863637,9
V3863638,7
V3863639,5
V3863640,3
V3863641,1
V3863642,9
V3863643,7
V3863644,5
V3863645,2
V3863646,0
V3863647,8
V3863648,6
V3863649,4
V3863650,2
V3863651,0
V3863652,8
V3863653,6
V3863654,4
V3863655,1
V3863656,9
V3863657,7
V3863658,5
V3863659,3
V3863660,1
V3863661,9
V3863662,7
V3863663,5
V3863664,3
V3863665,0
V3863666,8
V3863667,6
V3863668,4
V3863669,2
V3863670,0
V3863671,8
V3863672,6
V3863673,4
V3863674,2
V3863675,9
V3863676,7
V3863677,5
V3863678,3
V3863679,1
V3863680,9
V3863681,7
V3863682,5
V3863683,3
V3863684,1
V3863685,8
V3863686,6
V3863687,4
V3863688,2
V3863689,0
V3863690,8
V3863691,6
V3863692,4
V3863693,2
V3863694,0
V3863695,7
V3863696,5
V3863697,3
V3863698,1
V3863699,9
V3863700,5
V3863701,3
V3863702,1
V3863703,9
V3863704,7
V3863705,4
V3863706,2
V3863707,0
V3863708,8
V3863709,6
V3863710,4
V3863711,2
V3863712,0
V3863713,8
V3863714,6
V3863715,3
V3863716,1
V3863717,9
V3863718,7
V3863719,5
V3863720,3
V3863721,1
V3863722,9
V3863723,7
V3863724,5
V3863725,2
V3863726,0
V3863727,8
V3863728,6
V3863729,4
V3863730,2
V3863731,0
V3863732,8
V3863733,6
V3863734,4
V3863735,1
V3863736,9
V3863737,7
V3863738,5
V3863739,3
V3863740,1
V3863741,9
V3863742,7
V3863743,5
V3863744,3
V3863745,0
V3863746,8
V3863747,6
V3863748,4
V3863749,2
V3863750,0
V3863751,8
V3863752,6
V3863753,4
V3863754,2
V3863755,9
V3863756,7
V3863757,5
V3863758,3
V3863759,1
V3863760,9
V3863761,7
V3863762,5
V3863763,3
V3863764,1
V3863765,8
V3863766,6
V3863767,4
V3863768,2
V3863769,0
V3863770,8
V3863771,6
V3863772,4
V3863773,2
V3863774,0
V3863775,7
